"Customer.code","Sum_Unit","Frequency"
"C1",0.48,1
"C10",1.78,1
"C100",5.06,2
"C1000",15.06,2
"C1001",3.51,2
"C1002",2.45,1
"C1003",16.83,3
"C1004",1,1
"C1005",2.24,1
"C1006",18.44,3
"C1007",2,2
"C1008",3.21,1
"C1009",0.78,1
"C101",6.53,1
"C1010",6.27,1
"C1011",0.73,1
"C1012",0,1
"C1013",0,2
"C1014",0.5,1
"C1015",15.1,5
"C1016",0.49,1
"C1017",0.41,1
"C1018",7.32,2
"C1019",5.95,1
"C102",4.77,1
"C1020",7.22,1
"C1021",10,1
"C1022",6.32,1
"C1023",37.83,2
"C1024",1.01,1
"C1025",1.03,2
"C1026",107.49,2
"C1027",4.01,1
"C1028",0,1
"C1029",17.9,6
"C103",6.31,4
"C1030",2.98,1
"C1031",8.96,3
"C1032",23.53,2
"C1033",97.99,11
"C1034",10.11,1
"C1035",11.99,2
"C1036",10,1
"C1037",61.16,8
"C1038",2.76,2
"C1039",3.33,4
"C104",4.81,1
"C1040",9.6,1
"C1041",5.55,2
"C1042",60.64,4
"C1043",0,1
"C1044",6.08,1
"C1045",0.04,1
"C1046",2.93,1
"C1047",4.92,1
"C1048",0,1
"C1049",1.05,1
"C105",2.38,1
"C1050",4.55,1
"C1051",0.31,1
"C1052",0.36,1
"C1053",3.62,1
"C1054",32.59,5
"C1055",0.93,1
"C1056",0.11,1
"C1057",1.49,2
"C1058",47.85,11
"C1059",20.07,2
"C106",6.36,2
"C1060",25.12,1
"C1061",5.01,1
"C1062",0.54,1
"C1063",0.51,1
"C1064",9.41,3
"C1065",0,1
"C1066",13.58,1
"C1067",0.44,1
"C1068",20,1
"C1069",6.68,1
"C107",5,1
"C1070",1.02,1
"C1071",2.68,1
"C1072",2.7,2
"C1073",6,1
"C1074",3.15,1
"C1075",4.44,2
"C1076",5.17,3
"C1077",14.2,5
"C1078",68.1,5
"C1079",4.58,1
"C108",5.1,2
"C1080",179.09,8
"C1081",70.46,3
"C1082",15.52,2
"C1083",5.17,1
"C1084",87.07,5
"C1085",0.4,2
"C1086",0,1
"C1087",29.47,2
"C1088",20,2
"C1089",0.49,1
"C109",25.47,1
"C1090",0.17,1
"C1091",13.85,1
"C1092",40.13,2
"C1093",15.11,3
"C1094",320.1,38
"C1095",3.68,2
"C1096",10,1
"C1097",7.91,2
"C1098",10.72,2
"C1099",19.21,2
"C11",1.04,1
"C110",0.67,1
"C1100",2.32,2
"C1101",3,1
"C1102",0,1
"C1103",3.13,2
"C1104",3.1,1
"C1105",5.06,2
"C1106",12.43,3
"C1107",9.35,1
"C1108",7.92,2
"C1109",10,1
"C111",1.69,2
"C1110",5.55,2
"C1111",3.85,1
"C1112",0.99,1
"C1113",1.02,1
"C1114",2.88,1
"C1115",1,1
"C1116",16.15,1
"C1117",5.56,2
"C1118",1.81,1
"C1119",21.71,5
"C112",0,1
"C1120",7.06,2
"C1121",0.54,1
"C1122",2.27,1
"C1123",11.45,3
"C1124",2.87,2
"C1125",2.12,1
"C1126",0,1
"C1127",9.39,2
"C1128",1.87,1
"C1129",24.16,1
"C113",1.52,2
"C1130",3.41,3
"C1131",10,1
"C1132",6.01,1
"C1133",0.11,1
"C1134",12.56,2
"C1135",29.98,2
"C1136",3.26,1
"C1137",25.08,1
"C1138",23.92,3
"C1139",17.78,1
"C114",6.13,2
"C1140",0,1
"C1141",0.16,1
"C1142",9.78,2
"C1143",5.04,1
"C1144",22.15,1
"C1145",4.7,1
"C1146",0.41,1
"C1147",46.92,4
"C1148",0,1
"C1149",10,1
"C115",2.04,1
"C1150",7.45,2
"C1151",0.61,1
"C1152",0,1
"C1153",0,1
"C1154",0.49,1
"C1155",4.46,1
"C1156",9.87,3
"C1157",0,1
"C1158",35.98,1
"C1159",53.51,15
"C116",14.97,4
"C1160",5,2
"C1161",3.37,2
"C1162",0.26,1
"C1163",0.12,1
"C1164",11.08,3
"C1165",0.87,1
"C1166",6.41,2
"C1167",3.26,2
"C1168",0,1
"C1169",2.06,1
"C117",0,1
"C1170",1.94,2
"C1171",3.18,1
"C1172",0.64,1
"C1173",10.24,2
"C1174",0.25,1
"C1175",26.9,1
"C1176",1.93,2
"C1177",0.5,1
"C1178",0,1
"C1179",0,1
"C118",4.79,2
"C1180",0.31,1
"C1181",6.41,2
"C1182",2.53,2
"C1183",0.73,1
"C1184",0,1
"C1185",10.17,2
"C1186",1.96,2
"C1187",2.93,1
"C1188",6.17,2
"C1189",7.81,2
"C119",6.4,1
"C1190",0.98,1
"C1191",4.09,1
"C1192",2.3,1
"C1193",2.83,1
"C1194",6.28,2
"C1195",12.45,4
"C1196",0,1
"C1197",0.98,1
"C1198",3.12,2
"C1199",1,1
"C12",2.91,3
"C120",0,1
"C1200",0,1
"C1201",37.38,2
"C1202",2.63,1
"C1203",32.04,1
"C1204",33.22,3
"C1205",4.29,1
"C1206",1.57,3
"C1207",69.45,7
"C1208",25.37,4
"C1209",1.13,1
"C121",1.34,1
"C1210",25.22,3
"C1211",0,2
"C1212",7.75,4
"C1213",3.7,1
"C1214",2.41,1
"C1215",0,1
"C1216",0.99,1
"C1217",9.58,4
"C1218",10.02,1
"C1219",6.08,5
"C122",0,1
"C1220",2.43,1
"C1221",92.81,7
"C1222",4.39,2
"C1223",4.64,1
"C1224",1.05,1
"C1225",10.02,1
"C1226",29.87,2
"C1227",2.44,1
"C1228",0,2
"C1229",0,1
"C123",0,1
"C1230",3.26,2
"C1231",6.2,1
"C1232",19.55,2
"C1233",2.34,2
"C1234",4,2
"C1235",0.02,1
"C1236",0,1
"C1237",5.07,1
"C1238",12.33,3
"C1239",3.2,1
"C124",15.55,4
"C1240",4.44,1
"C1241",3.84,1
"C1242",13.57,4
"C1243",23.13,7
"C1244",5.45,1
"C1245",9.08,1
"C1246",2.17,2
"C1247",4.66,3
"C1248",3.65,1
"C1249",0.5,1
"C125",48.78,4
"C1250",0.45,1
"C1251",29.39,1
"C1252",0.51,1
"C1253",0.52,1
"C1254",1.02,1
"C1255",3.02,4
"C1256",0.56,1
"C1257",18.32,3
"C1258",59.88,5
"C1259",16.52,3
"C126",0.97,1
"C1260",0,1
"C1261",0.51,1
"C1262",30.01,5
"C1263",6.95,1
"C1264",11.02,3
"C1265",1.02,1
"C1266",0.97,2
"C1267",37.77,2
"C1268",5.84,2
"C1269",1.08,1
"C127",0,1
"C1270",0.17,1
"C1271",0,1
"C1272",14.1,1
"C1273",1,1
"C1274",0.53,1
"C1275",2,2
"C1276",3.87,2
"C1277",0.47,1
"C1278",34.43,3
"C1279",7.4,2
"C128",0,1
"C1280",22.63,7
"C1281",0.59,1
"C1282",2.38,1
"C1283",0.77,1
"C1284",2.69,1
"C1285",5.96,3
"C1286",1.16,1
"C1287",4.26,2
"C1288",1.36,2
"C1289",0.5,1
"C129",0.16,1
"C1290",37.78,5
"C1291",1.06,1
"C1292",10.41,3
"C1293",31.01,3
"C1294",3,1
"C1295",2.03,1
"C1296",39.34,6
"C1297",1.46,2
"C1298",20.96,4
"C1299",2.6,1
"C13",51.45,11
"C130",15.3,1
"C1300",0,1
"C1301",1.05,1
"C1302",5.5,3
"C1303",1.51,1
"C1304",2.32,1
"C1305",37.73,2
"C1306",4.61,1
"C1307",176.41,11
"C1308",13.84,2
"C1309",6.62,2
"C131",25.64,1
"C1310",8.42,3
"C1311",1.54,3
"C1312",8.68,3
"C1313",9.49,5
"C1314",14.5,4
"C1315",4.4,1
"C1316",0.04,1
"C1317",0.99,1
"C1318",6.12,1
"C1319",2.14,1
"C132",0.84,1
"C1320",25.99,2
"C1321",3.66,1
"C1322",0,1
"C1323",60.24,4
"C1324",0.48,2
"C1325",0.34,1
"C1326",17.43,1
"C1327",1.71,1
"C1328",0.5,1
"C1329",3.56,1
"C133",19.45,3
"C1330",40.84,6
"C1331",96,2
"C1332",0.25,1
"C1333",1.63,1
"C1334",44.03,8
"C1335",9.68,3
"C1336",3.01,1
"C1337",15.01,1
"C1338",6.25,2
"C1339",21.86,4
"C134",33.14,2
"C1340",4.01,1
"C1341",46.83,3
"C1342",2.01,1
"C1343",126.64,14
"C1344",16.54,3
"C1345",9.31,2
"C1346",1.66,1
"C1347",2.93,2
"C1348",5.26,1
"C1349",32.46,3
"C135",2.17,1
"C1350",0,1
"C1351",4.69,2
"C1352",0.6,1
"C1353",0,1
"C1354",2.37,3
"C1355",0,2
"C1356",5.04,1
"C1357",0,1
"C1358",1.51,1
"C1359",1.07,1
"C136",0,1
"C1360",13.57,2
"C1361",40.11,5
"C1362",0.59,1
"C1363",16.83,6
"C1364",40.3,1
"C1365",5.46,4
"C1366",10.93,3
"C1367",110.12,10
"C1368",17.62,2
"C1369",27.83,3
"C137",0.56,2
"C1370",70,1
"C1371",0.5,2
"C1372",8.03,4
"C1373",0,1
"C1374",20.18,1
"C1375",1.27,1
"C1376",15.42,6
"C1377",4.22,4
"C1378",19.54,3
"C1379",3.15,3
"C138",0,1
"C1380",1.48,1
"C1381",29.54,1
"C1382",4.3,1
"C1383",3.93,1
"C1384",3.65,1
"C1385",1.63,1
"C1386",5.65,1
"C1387",8.53,3
"C1388",1.11,1
"C1389",2.28,1
"C139",4.64,1
"C1390",0,1
"C1391",2.53,1
"C1392",20.35,1
"C1393",20.09,2
"C1394",37.75,2
"C1395",0.5,1
"C1396",0.23,1
"C1397",0,1
"C1398",0.6,1
"C1399",3.3,1
"C14",8.83,1
"C140",0.82,1
"C1400",10.18,2
"C1401",4.94,1
"C1402",20.16,4
"C1403",1,1
"C1404",45.42,3
"C1405",40.44,1
"C1406",1.7,2
"C1407",2.53,1
"C1408",99.76,2
"C1409",10.13,3
"C141",0.5,1
"C1410",12.44,4
"C1411",1.26,1
"C1412",46.58,4
"C1413",4.26,1
"C1414",20.9,3
"C1415",0.06,1
"C1416",1.38,2
"C1417",30.6,1
"C1418",0.91,2
"C1419",15.17,4
"C142",0.5,1
"C1420",26.1,2
"C1421",10.12,2
"C1422",23.75,5
"C1423",5.54,1
"C1424",10.07,1
"C1425",0,1
"C1426",91.02,5
"C1427",5.7,1
"C1428",4.2,1
"C1429",2.66,2
"C143",2.1,1
"C1430",0,1
"C1431",25.24,7
"C1432",2.02,3
"C1433",52.62,4
"C1434",1.76,1
"C1435",4.47,1
"C1436",3.09,2
"C1437",4.17,1
"C1438",4.88,3
"C1439",0.4,2
"C144",6.11,1
"C1440",4,1
"C1441",10.56,6
"C1442",1.99,1
"C1443",1.39,1
"C1444",3.87,1
"C1445",2.02,2
"C1446",3.1,2
"C1447",2.99,2
"C1448",20,1
"C1449",31.24,4
"C145",2.57,1
"C1450",10,1
"C1451",2.77,1
"C1452",17.11,1
"C1453",0,1
"C1454",24.87,5
"C1455",0.99,1
"C1456",5.03,1
"C1457",0.82,2
"C1458",0,1
"C1459",2.01,1
"C146",29.88,2
"C1460",2.16,1
"C1461",0.42,1
"C1462",10.15,2
"C1463",2.07,1
"C1464",0.03,1
"C1465",15.45,9
"C1466",9.21,2
"C1467",12.91,3
"C1468",2.06,1
"C1469",4.06,1
"C147",0,1
"C1470",1.07,1
"C1471",6.24,2
"C1472",5.92,1
"C1473",0.13,1
"C1474",20.01,1
"C1475",9.95,1
"C1476",1,1
"C1477",0,1
"C1478",2.1,1
"C1479",5.94,1
"C148",1.52,3
"C1480",1.06,1
"C1481",11.54,1
"C1482",25.65,1
"C1483",5.06,2
"C1484",0.4,1
"C1485",1.19,2
"C1486",21.41,2
"C1487",0.06,1
"C1488",14.18,7
"C1489",0.18,1
"C149",4.55,1
"C1490",5.02,1
"C1491",0.76,2
"C1492",26.18,6
"C1493",50.4,8
"C1494",3.04,2
"C1495",2.09,1
"C1496",6.02,1
"C1497",0,1
"C1498",0.3,1
"C1499",12.39,4
"C15",5.08,1
"C150",175.19,15
"C1500",9.83,3
"C1501",16.29,2
"C1502",18.64,5
"C1503",20.24,2
"C1504",0.4,1
"C1505",0.43,2
"C1506",22.99,2
"C1507",1,1
"C1508",1,1
"C1509",3.96,2
"C151",69.55,14
"C1510",62.73,1
"C1511",4.38,1
"C1512",0,1
"C1513",30.73,3
"C1514",30.4,6
"C1515",7.28,1
"C1516",11.96,2
"C1517",4.7,1
"C1518",0,1
"C1519",4.57,3
"C152",9.51,5
"C1520",0.23,1
"C1521",39.82,3
"C1522",5.49,2
"C1523",22.78,2
"C1524",4.73,2
"C1525",21.46,4
"C1526",49.46,6
"C1527",51.2,2
"C1528",3.04,2
"C1529",2.94,1
"C153",7.8,2
"C1530",7.83,2
"C1531",0.5,1
"C1532",11.47,3
"C1533",3.3,1
"C1534",5.1,1
"C1535",15.04,2
"C1536",20.47,2
"C1537",35.49,4
"C1538",31.37,4
"C1539",6.1,1
"C154",0.91,1
"C1540",5.03,1
"C1541",0.64,1
"C1542",4.45,1
"C1543",5.78,5
"C1544",14.57,1
"C1545",44.33,3
"C1546",5.03,1
"C1547",15.94,1
"C1548",4.58,1
"C1549",4.32,1
"C155",4.2,2
"C1550",5,1
"C1551",5.03,1
"C1552",1.93,1
"C1553",10.89,3
"C1554",2.26,1
"C1555",2.52,1
"C1556",2.98,2
"C1557",89.86,3
"C1558",30.45,2
"C1559",2.72,1
"C156",6,1
"C1560",44.28,2
"C1561",3.29,1
"C1562",0.59,3
"C1563",0,1
"C1564",35.14,2
"C1565",99.68,8
"C1566",1.04,2
"C1567",1.55,2
"C1568",10.22,1
"C1569",21.42,11
"C157",5.31,2
"C1570",46.2,7
"C1571",2.38,1
"C1572",0.69,2
"C1573",11.68,4
"C1574",0.96,1
"C1575",0,1
"C1576",16.95,4
"C1577",0.95,1
"C1578",11.93,2
"C1579",28.65,3
"C158",16.43,3
"C1580",1.2,1
"C1581",0,1
"C1582",0.7,2
"C1583",0.97,1
"C1584",3.21,2
"C1585",9.54,3
"C1586",3.88,1
"C1587",1.05,1
"C1588",25.72,2
"C1589",4.12,1
"C159",0,1
"C1590",0.31,1
"C1591",0,1
"C1592",22.36,3
"C1593",9.39,1
"C1594",0,1
"C1595",10.98,1
"C1596",1.02,1
"C1597",33.11,4
"C1598",1.63,1
"C1599",3.02,1
"C16",2.02,1
"C160",91.33,6
"C1600",5.32,1
"C1601",2.22,2
"C1602",11.28,2
"C1603",0,1
"C1604",2.64,1
"C1605",3.53,2
"C1606",2.52,1
"C1607",100.05,3
"C1608",45.07,6
"C1609",0.85,1
"C161",31.66,8
"C1610",15.93,2
"C1611",0.28,1
"C1612",5.8,2
"C1613",5.3,3
"C1614",14.4,4
"C1615",29.14,2
"C1616",2.53,1
"C1617",4.87,1
"C1618",0,1
"C1619",1.97,1
"C162",4.04,2
"C1620",5.04,1
"C1621",11.35,3
"C1622",0.12,1
"C1623",3.36,1
"C1624",0.95,1
"C1625",1.26,2
"C1626",5.99,2
"C1627",0.74,1
"C1628",88.64,7
"C1629",1.28,1
"C163",10.86,3
"C1630",6.83,3
"C1631",8.73,4
"C1632",0,1
"C1633",2.98,1
"C1634",0.79,1
"C1635",4,1
"C1636",1.8,2
"C1637",5,1
"C1638",3.06,3
"C1639",0.5,1
"C164",16.19,2
"C1640",9.36,2
"C1641",3.51,1
"C1642",5.14,3
"C1643",9.49,6
"C1644",0,1
"C1645",19.97,1
"C1646",1.02,1
"C1647",1.98,1
"C1648",7.03,1
"C1649",1.55,1
"C165",0.8,1
"C1650",33.56,3
"C1651",0.25,1
"C1652",2.72,1
"C1653",53.46,8
"C1654",10.34,3
"C1655",10.6,2
"C1656",15.57,7
"C1657",4.92,2
"C1658",0.19,1
"C1659",12.81,2
"C166",1.48,1
"C1660",3.34,1
"C1661",11.45,1
"C1662",5.06,1
"C1663",20.59,3
"C1664",10.05,2
"C1665",1.24,2
"C1666",2.97,2
"C1667",0.69,1
"C1668",0,1
"C1669",13.38,3
"C167",0,1
"C1670",4.71,2
"C1671",9.12,1
"C1672",3.79,1
"C1673",1.03,1
"C1674",12.4,5
"C1675",5.2,1
"C1676",4.98,1
"C1677",4.43,3
"C1678",3.66,1
"C1679",4.36,1
"C168",66.54,4
"C1680",2.53,1
"C1681",4.77,2
"C1682",31.79,11
"C1683",0,1
"C1684",16.66,3
"C1685",22.15,2
"C1686",16.71,3
"C1687",6.99,4
"C1688",13.34,5
"C1689",0,1
"C169",2.37,3
"C1690",4.2,2
"C1691",0.98,1
"C1692",2.15,1
"C1693",4.01,1
"C1694",3.62,1
"C1695",2,1
"C1696",4.72,1
"C1697",31.48,3
"C1698",1.1,1
"C1699",0,1
"C17",12.06,3
"C170",17.55,1
"C1700",2.27,1
"C1701",3.09,1
"C1702",9.86,3
"C1703",17.97,4
"C1704",1.46,2
"C1705",0.98,1
"C1706",6.05,4
"C1707",6.06,2
"C1708",1.97,2
"C1709",4.33,3
"C171",8.53,1
"C1710",0,2
"C1711",5.01,1
"C1712",4,2
"C1713",1.11,1
"C1714",0.36,1
"C1715",1.9,1
"C1716",10.05,2
"C1717",3.01,4
"C1718",7.17,1
"C1719",1.34,1
"C172",4.92,2
"C1720",63.13,2
"C1721",0.54,1
"C1722",0.42,1
"C1723",5.2,3
"C1724",6.88,2
"C1725",33.6,6
"C1726",0,1
"C1727",0.96,1
"C1728",1.04,1
"C1729",3.46,2
"C173",0.84,1
"C1730",8.05,5
"C1731",6.49,1
"C1732",1.52,1
"C1733",44.42,13
"C1734",0,1
"C1735",18.45,1
"C1736",51.19,9
"C1737",0.63,1
"C1738",3.13,1
"C1739",24.22,6
"C174",80.89,4
"C1740",40.28,3
"C1741",1.01,1
"C1742",0.24,1
"C1743",1,1
"C1744",4.77,1
"C1745",22.74,3
"C1746",6.36,1
"C1747",13.84,3
"C1748",14.25,1
"C1749",1.35,1
"C175",3.39,3
"C1750",15.89,1
"C1751",1.53,1
"C1752",39.91,2
"C1753",2.17,1
"C1754",4.15,1
"C1755",3.35,2
"C1756",8.51,3
"C1757",1.68,2
"C1758",6.49,2
"C1759",3.12,1
"C176",30.01,1
"C1760",4.88,3
"C1761",3.5,1
"C1762",0.7,1
"C1763",6,1
"C1764",1.14,2
"C1765",55.08,8
"C1766",10.73,1
"C1767",15.54,4
"C1768",1.01,1
"C1769",14.45,3
"C177",1.01,1
"C1770",52.52,3
"C1771",6.85,1
"C1772",30.01,8
"C1773",134.15,14
"C1774",2.74,1
"C1775",1,1
"C1776",12.54,2
"C1777",0.33,1
"C1778",0.29,1
"C1779",53.17,3
"C178",46.39,10
"C1780",5.02,3
"C1781",4.18,1
"C1782",0.3,1
"C1783",19.92,2
"C1784",0,1
"C1785",0.66,1
"C1786",1.06,2
"C1787",0.5,1
"C1788",1.04,1
"C1789",3.14,1
"C179",10.43,4
"C1790",161.45,14
"C1791",1.28,1
"C1792",0.62,1
"C1793",16.96,2
"C1794",4.72,1
"C1795",1.76,2
"C1796",22.2,2
"C1797",0,1
"C1798",24.09,3
"C1799",0.49,1
"C18",5,1
"C180",2.77,1
"C1800",1.42,1
"C1801",3,1
"C1802",6.35,2
"C1803",7.63,2
"C1804",3.7,2
"C1805",2.6,1
"C1806",1.99,1
"C1807",1.03,1
"C1808",1.23,1
"C1809",2.5,1
"C181",4.61,2
"C1810",10.15,1
"C1811",11.26,4
"C1812",1,1
"C1813",6.64,1
"C1814",3.08,1
"C1815",0,1
"C1816",0.73,1
"C1817",4.15,1
"C1818",11.57,6
"C1819",3.01,1
"C182",6.63,1
"C1820",10,1
"C1821",6.6,4
"C1822",27.56,8
"C1823",5.03,1
"C1824",1.06,1
"C1825",2.15,2
"C1826",38.24,1
"C1827",11.25,2
"C1828",22.96,1
"C1829",1,1
"C183",0.18,1
"C1830",0,1
"C1831",3.97,3
"C1832",77.47,6
"C1833",0,1
"C1834",20.28,2
"C1835",11.1,3
"C1836",5,1
"C1837",45.4,1
"C1838",0.57,1
"C1839",13.99,3
"C184",117.82,10
"C1840",0,1
"C1841",0.33,1
"C1842",3.38,1
"C1843",10.99,3
"C1844",1.71,2
"C1845",0,1
"C1846",3.13,2
"C1847",0,1
"C1848",3.13,1
"C1849",4.66,1
"C185",12.47,1
"C1850",6.06,3
"C1851",174.02,18
"C1852",5.01,2
"C1853",2.85,1
"C1854",0,1
"C1855",3.23,1
"C1856",1.78,1
"C1857",91.28,17
"C1858",5.38,1
"C1859",4.01,2
"C186",41.2,1
"C1860",2.1,2
"C1861",3.26,2
"C1862",5.04,2
"C1863",26.75,2
"C1864",12.7,1
"C1865",7.65,2
"C1866",1,1
"C1867",0,1
"C1868",15.67,2
"C1869",5.05,2
"C187",24.53,6
"C1870",1.72,1
"C1871",7.23,2
"C1872",0.03,1
"C1873",2.41,1
"C1874",0,1
"C1875",5.3,1
"C1876",4.66,1
"C1877",21.52,3
"C1878",3.06,1
"C1879",4,1
"C188",1.32,1
"C1880",95.95,1
"C1881",13.99,2
"C1882",9.84,1
"C1883",6.41,3
"C1884",2.84,1
"C1885",3.34,1
"C1886",59.51,14
"C1887",1.97,1
"C1888",1,1
"C1889",11.97,4
"C189",28.22,2
"C1890",0,2
"C1891",3.7,1
"C1892",7.63,3
"C1893",4.4,1
"C1894",14.38,2
"C1895",42.1,1
"C1896",7.79,1
"C1897",1,1
"C1898",0.93,1
"C1899",9.7,1
"C19",1.5,1
"C190",5.24,1
"C1900",2.84,1
"C1901",0,1
"C1902",0.48,1
"C1903",0.62,2
"C1904",0.27,1
"C1905",6.07,1
"C1906",12.77,3
"C1907",0.48,1
"C1908",0,1
"C1909",1.97,1
"C191",0,1
"C1910",1.77,1
"C1911",0.64,1
"C1912",4.72,2
"C1913",0.31,1
"C1914",0.58,1
"C1915",4.52,2
"C1916",0.91,1
"C1917",1.15,1
"C1918",5.01,1
"C1919",6.3,3
"C192",1,1
"C1920",35.79,2
"C1921",11.37,2
"C1922",0.59,1
"C1923",48.85,1
"C1924",16.7,4
"C1925",18.42,4
"C1926",7.45,2
"C1927",23.9,1
"C1928",22.32,1
"C1929",1.06,1
"C193",0.32,1
"C1930",1.24,1
"C1931",3.96,1
"C1932",5.26,1
"C1933",11.37,3
"C1934",20.48,2
"C1935",1.99,2
"C1936",6.6,1
"C1937",4.99,2
"C1938",0.98,1
"C1939",10.98,4
"C194",4.82,4
"C1940",0,2
"C1941",5.98,1
"C1942",0,1
"C1943",2.03,1
"C1944",11.4,4
"C1945",24.97,4
"C1946",1.31,1
"C1947",4.48,2
"C1948",0,1
"C1949",0.5,1
"C195",3.48,1
"C1950",10.01,1
"C1951",77.17,12
"C1952",31.37,7
"C1953",1.45,1
"C1954",7.24,4
"C1955",5.11,1
"C1956",5.47,2
"C1957",0.48,1
"C1958",56.19,9
"C1959",0.5,1
"C196",54.01,1
"C1960",4.28,2
"C1961",2.17,1
"C1962",0.71,1
"C1963",2.44,2
"C1964",2.25,1
"C1965",0,1
"C1966",5.71,2
"C1967",66.33,5
"C1968",17.35,2
"C1969",1.46,1
"C197",5.3,3
"C1970",0.7,2
"C1971",2,1
"C1972",7.11,3
"C1973",49.03,3
"C1974",0,1
"C1975",25.43,4
"C1976",9.08,3
"C1977",7.89,2
"C1978",75.4,3
"C1979",2.61,2
"C198",16.99,4
"C1980",20,1
"C1981",25.05,5
"C1982",41.99,4
"C1983",2.84,3
"C1984",3.38,1
"C1985",0.51,1
"C1986",3.07,3
"C1987",2.09,1
"C1988",4.58,1
"C1989",4.09,2
"C199",9.85,2
"C1990",3.88,1
"C1991",0,1
"C1992",1.07,1
"C1993",0.5,2
"C1994",17.51,2
"C1995",0,1
"C1996",0.55,1
"C1997",12.66,2
"C1998",5.19,1
"C1999",16.08,1
"C2",1.77,1
"C20",10.01,1
"C200",30.73,6
"C2000",2.41,1
"C2001",12.96,5
"C2002",15.81,3
"C2003",8.59,2
"C2004",9.92,1
"C2005",0.75,1
"C2006",17.32,3
"C2007",5.2,2
"C2008",0,1
"C2009",0.85,1
"C201",21.23,4
"C2010",53.78,10
"C2011",6.57,2
"C2012",16.38,6
"C2013",9.13,2
"C2014",35.91,2
"C2015",4.4,1
"C2016",70.49,11
"C2017",2.18,1
"C2018",41.5,7
"C2019",3.33,1
"C202",2.81,1
"C2020",0,1
"C2021",0.99,1
"C2022",4.99,1
"C2023",3.25,1
"C2024",6.42,2
"C2025",0.71,2
"C2026",13.01,3
"C2027",3.72,1
"C2028",2.02,1
"C2029",38.58,2
"C203",10.05,1
"C2030",2.14,3
"C2031",0.33,1
"C2032",10.01,1
"C2033",5.47,1
"C2034",9.29,1
"C2035",1.26,1
"C2036",4.26,3
"C2037",6.23,1
"C2038",0.36,1
"C2039",35.44,1
"C204",3.65,4
"C2040",5.59,2
"C2041",0.5,1
"C2042",5.09,1
"C2043",33.3,2
"C2044",0,1
"C2045",0,1
"C2046",9.49,2
"C2047",2.84,3
"C2048",7.6,3
"C2049",0.52,1
"C205",61.9,13
"C2050",5.43,1
"C2051",2.43,2
"C2052",0.98,1
"C2053",17.86,2
"C2054",8.12,2
"C2055",0.43,1
"C2056",7.05,1
"C2057",48.63,1
"C2058",3.24,2
"C2059",4.76,2
"C206",4.6,1
"C2060",4.18,2
"C2061",15.52,1
"C2062",6.35,1
"C2063",0,1
"C2064",2.55,1
"C2065",6.11,2
"C2066",1.83,1
"C2067",33.17,3
"C2068",3.5,1
"C2069",0,1
"C207",0,1
"C2070",14.25,1
"C2071",15.29,6
"C2072",10.02,1
"C2073",0,1
"C2074",7.53,3
"C2075",10.03,1
"C2076",5.01,1
"C2077",0.99,1
"C2078",1.44,1
"C2079",0.59,1
"C208",16.46,1
"C2080",1.43,1
"C2081",13.42,4
"C2083",5,1
"C2084",0,1
"C2085",0,1
"C2086",2.16,1
"C2087",2.5,1
"C2088",1.33,2
"C2089",4.78,2
"C209",0.02,2
"C2090",14.62,2
"C2091",0.73,1
"C2092",54.09,3
"C2093",0,1
"C2094",3.74,1
"C2095",16.85,1
"C2096",10.26,1
"C2097",2.42,1
"C2098",51.12,2
"C2099",0,1
"C21",5.19,3
"C210",19.33,3
"C2100",0,1
"C2101",10.31,1
"C2102",31.26,1
"C2103",4.05,1
"C2104",0.7,1
"C2105",41.03,4
"C2106",4.52,1
"C2107",0,1
"C2108",2.03,1
"C2109",3.17,3
"C211",7.07,3
"C2110",5.04,1
"C2111",2.23,1
"C2112",4.3,1
"C2113",0,1
"C2114",5.15,3
"C2115",4.07,1
"C2116",24.38,4
"C2117",0.99,1
"C2118",9.47,3
"C2119",0,1
"C212",29.4,3
"C2120",18.06,3
"C2121",0.5,1
"C2122",0,1
"C2123",37.42,2
"C2124",3.6,1
"C2125",21,7
"C2126",0.71,1
"C2127",20.36,5
"C2128",5.81,1
"C2129",0.78,1
"C213",17.38,4
"C2130",6.99,1
"C2131",43.95,4
"C2132",59.93,5
"C2133",6.14,1
"C2134",9.21,3
"C2135",20.18,4
"C2136",0.12,1
"C2137",25.3,1
"C2138",24.48,6
"C2139",14.15,2
"C214",75.39,2
"C2140",5.01,1
"C2141",5.28,1
"C2142",1.01,1
"C2143",0.19,1
"C2144",4.48,2
"C2145",34.32,5
"C2146",35.34,1
"C2147",9.39,1
"C2148",3.74,1
"C2149",5.02,4
"C215",0.56,1
"C2150",1.54,2
"C2151",5.19,1
"C2152",1.74,1
"C2153",1.04,1
"C2154",0,1
"C2155",1.04,1
"C2156",13.42,3
"C2157",1.22,1
"C2158",0,1
"C2159",7.24,3
"C216",0,1
"C2160",16.49,3
"C2161",1.07,1
"C2162",4.76,3
"C2163",1.57,1
"C2164",14.84,3
"C2165",1.85,2
"C2166",6,3
"C2167",4.28,1
"C2168",24.14,3
"C2169",161.68,16
"C217",0,1
"C2170",0,1
"C2171",40.04,2
"C2172",9.12,1
"C2173",108.65,8
"C2174",29.96,5
"C2175",35.58,2
"C2176",5.59,1
"C2177",42.09,1
"C2178",0.67,1
"C2179",12.35,3
"C218",53.73,10
"C2180",3.48,1
"C2181",27.49,2
"C2182",121.88,6
"C2183",10,1
"C2184",25.71,3
"C2185",0.06,1
"C2186",0,1
"C2187",2.74,2
"C2188",4.08,1
"C2189",0.7,1
"C219",5.34,2
"C2190",3.49,1
"C2191",4.8,1
"C2192",0.21,1
"C2193",9.13,2
"C2194",1,1
"C2195",6.04,1
"C2196",5.91,1
"C2197",1.06,1
"C2198",28.2,2
"C2199",6.05,1
"C22",3.64,1
"C220",71.14,4
"C2200",12.63,1
"C2201",4.97,1
"C2202",9.96,1
"C2203",5.13,1
"C2204",2.26,1
"C2205",2.75,2
"C2206",7.36,1
"C2207",55,2
"C2208",2.57,2
"C2209",2.84,2
"C221",6.45,2
"C2210",0.27,1
"C2211",44.53,2
"C2212",11.03,1
"C2213",0.32,1
"C2214",1.18,1
"C2215",4.95,1
"C2216",10.82,2
"C2217",13.39,2
"C2218",24.36,3
"C2219",2.31,1
"C222",7.19,4
"C2220",9.86,1
"C2221",0.18,1
"C2222",6.55,2
"C2223",0.9,2
"C2224",10,1
"C2225",0,1
"C2226",0.92,1
"C2227",10.23,2
"C2228",0.2,1
"C2229",0.88,1
"C223",86.1,4
"C2230",3.91,1
"C2231",10.39,1
"C2232",8.02,2
"C2233",0,1
"C2234",2.35,1
"C2235",5.12,1
"C2236",61.13,1
"C2237",17.04,2
"C2238",5,1
"C2239",3.78,1
"C224",1.67,2
"C2240",3,1
"C2241",1.05,1
"C2242",3.04,1
"C2243",0.52,2
"C2244",0.11,2
"C2245",8.93,2
"C2246",0,1
"C2247",0.59,1
"C2248",6.56,1
"C2249",29.77,4
"C225",8.64,1
"C2250",0.48,1
"C2251",4.91,1
"C2252",0,1
"C2253",0.56,1
"C2254",0.26,1
"C2255",5.22,2
"C2256",29.5,1
"C2257",16.28,3
"C2258",32.54,6
"C2259",0.05,1
"C226",3.86,1
"C2260",2.97,1
"C2261",1.3,2
"C2262",0,1
"C2263",9.57,3
"C2264",18.93,2
"C2265",8,4
"C2266",7.54,2
"C2267",12.35,1
"C2268",1.09,1
"C2269",12.66,7
"C227",1.01,2
"C2270",1.91,1
"C2271",2.67,1
"C2272",3.71,1
"C2273",2.48,1
"C2274",6.37,6
"C2275",2.93,1
"C2276",0.12,1
"C2277",1.05,1
"C2278",13.75,2
"C2279",3.56,1
"C228",4.85,2
"C2280",9.75,3
"C2281",0.65,2
"C2282",5,1
"C2283",5.18,1
"C2284",5.03,2
"C2285",10.83,2
"C2286",0.28,1
"C2287",0.89,1
"C2288",6.24,4
"C2289",0.52,1
"C229",4.03,2
"C2290",0,1
"C2291",6.72,2
"C2292",0,1
"C2293",5.48,3
"C2294",23.91,8
"C2295",0,1
"C2296",0,1
"C2297",0.3,1
"C2298",11.23,1
"C2299",19.71,4
"C23",4.95,1
"C230",1.35,2
"C2300",2.3,1
"C2301",4.93,1
"C2302",0.1,2
"C2303",2.56,1
"C2304",2.78,1
"C2305",2.84,1
"C2306",0.8,2
"C2307",7.96,2
"C2308",4.33,3
"C2309",3.83,1
"C231",42.94,6
"C2310",0,1
"C2311",57.58,4
"C2312",30.59,3
"C2313",6.46,3
"C2314",6.51,1
"C2315",14.45,2
"C2316",5.42,2
"C2317",0.66,1
"C2318",0.5,1
"C2319",0.26,2
"C232",15.47,1
"C2320",3.09,1
"C2321",5.31,3
"C2322",6.34,2
"C2323",5.88,1
"C2324",0.2,1
"C2325",59.28,3
"C2326",3.67,2
"C2327",0,1
"C2328",0,1
"C2329",1.76,1
"C233",0.5,1
"C2330",0,1
"C2331",0.95,1
"C2332",12.08,2
"C2333",0.34,1
"C2334",0,1
"C2335",5.98,1
"C2336",0.94,1
"C2337",0.4,1
"C2338",43.64,2
"C2339",0,1
"C234",1.22,1
"C2340",1.55,2
"C2341",28.37,2
"C2342",3.07,1
"C2343",16.22,2
"C2344",30.03,1
"C2345",1.03,1
"C2346",0,1
"C2347",4.26,2
"C2348",0.53,1
"C2349",1.76,1
"C235",3.45,1
"C2350",8.9,1
"C2351",1,1
"C2352",4.85,1
"C2353",6.02,2
"C2354",0,1
"C2355",0,1
"C2356",0.32,1
"C2357",1.12,1
"C2358",5.07,1
"C2359",3.4,1
"C236",5.03,3
"C2360",2.58,1
"C2361",8.5,2
"C2362",4.36,3
"C2363",1.18,2
"C2364",0.24,1
"C2365",16.9,3
"C2366",0,1
"C2367",0.05,1
"C2368",23.56,5
"C2369",13.22,1
"C237",6.49,3
"C2370",2.6,1
"C2371",0.56,1
"C2372",9.13,2
"C2373",4.53,1
"C2374",12.99,2
"C2375",22.95,4
"C2376",12.69,2
"C2377",29.54,9
"C2378",1,1
"C2379",9.42,3
"C238",18.59,2
"C2380",50.18,4
"C2381",103.28,8
"C2382",3.89,1
"C2383",1.28,1
"C2384",3.41,1
"C2385",0,1
"C2386",11.54,4
"C2387",0.25,1
"C2388",7.53,2
"C2389",3.93,1
"C239",3.46,2
"C2390",0,1
"C2391",1.96,1
"C2392",2.79,2
"C2393",29.05,5
"C2394",5.15,2
"C2395",25.36,1
"C2396",0,1
"C2397",1.55,4
"C2398",8.62,2
"C2399",3.87,2
"C24",6.4,1
"C240",0,1
"C2400",0,1
"C2402",0.99,1
"C2403",20.46,5
"C2404",57.91,15
"C2405",0,1
"C2406",2.36,1
"C2407",3.44,2
"C2408",0.25,1
"C2409",0,1
"C241",4.97,1
"C2410",0,1
"C2411",16.11,3
"C2412",21.38,3
"C2413",23.57,2
"C2414",10,2
"C2415",4.6,1
"C2416",0,1
"C2417",25.12,1
"C2418",26.94,8
"C2419",7.85,1
"C242",15.41,1
"C2420",7.28,3
"C2421",1.41,2
"C2422",2.58,1
"C2423",0,1
"C2424",4.65,1
"C2425",4.76,1
"C2426",1.04,1
"C2427",3.15,1
"C2428",33.8,7
"C2429",0,1
"C243",30.38,2
"C2430",0,1
"C2431",0,1
"C2432",2.36,1
"C2433",4.11,1
"C2434",20,2
"C2435",0.23,1
"C2436",1.62,1
"C2437",5.03,1
"C2438",1.43,1
"C2439",0.65,1
"C244",2.15,1
"C2440",3.29,1
"C2441",43.95,2
"C2442",0.1,1
"C2443",10.98,1
"C2444",7.91,2
"C2445",0,1
"C2446",3.07,3
"C2447",10.44,1
"C2448",0,1
"C2449",20.09,2
"C245",0,1
"C2450",56.73,7
"C2451",0.99,1
"C2452",0,1
"C2453",5,1
"C2454",9.73,4
"C2455",27.43,4
"C2456",23.52,2
"C2457",0,1
"C2458",0,1
"C2459",0.53,1
"C246",21.64,1
"C2460",0.98,1
"C2461",2.03,2
"C2462",0.77,1
"C2463",10.04,1
"C2464",0,1
"C2465",25.02,2
"C2466",0.02,1
"C2467",4.07,1
"C2468",1.13,1
"C2469",0,1
"C247",6.88,2
"C2470",5.75,1
"C2471",6.66,1
"C2472",0,1
"C2473",7.44,2
"C2474",9.37,3
"C2475",36.69,2
"C2476",60.67,6
"C2477",1.11,1
"C2478",2.61,1
"C2479",1.66,3
"C248",0,1
"C2480",0.36,2
"C2481",0.22,3
"C2482",0,1
"C2483",0,1
"C2484",1.03,1
"C2485",3.04,1
"C2486",4.82,1
"C2487",3.57,1
"C2488",3.86,1
"C2489",2.15,2
"C249",2.38,1
"C2490",3.8,1
"C2491",6.97,4
"C2492",5.51,2
"C2493",3.09,4
"C2494",0,1
"C2495",1.03,1
"C2496",1.42,1
"C2497",5.76,3
"C2498",3.37,3
"C2499",0.05,1
"C25",0,1
"C250",0.05,1
"C2500",0,1
"C2501",2.14,2
"C2502",7.48,5
"C2503",10.75,5
"C2504",15.5,1
"C2505",11.07,2
"C2506",3.11,1
"C2507",0,2
"C2508",3.52,3
"C2509",10.7,6
"C251",3.49,2
"C2510",5.13,1
"C2511",9.94,2
"C2512",0.48,1
"C2513",34.55,10
"C2514",0.49,1
"C2515",0,1
"C2516",69.39,2
"C2517",7.58,1
"C2518",0,1
"C2519",12.54,1
"C252",1.48,1
"C2520",0.2,1
"C2521",2.42,1
"C2522",6.01,2
"C2523",13,1
"C2524",3.34,1
"C2525",12.02,4
"C2526",0.61,1
"C2527",19.99,1
"C2528",39.41,2
"C2529",1.97,1
"C253",2.22,1
"C2530",4.32,1
"C2531",1.65,1
"C2532",23.17,4
"C2533",1.13,1
"C2534",62.84,12
"C2535",1.9,1
"C2536",4.51,1
"C2537",0.34,1
"C2538",3.72,2
"C2539",2.61,1
"C254",20.34,1
"C2540",0.68,2
"C2541",3.64,3
"C2542",5.39,1
"C2543",13.54,3
"C2544",9.02,2
"C2545",12.18,2
"C2546",15.16,7
"C2547",0,1
"C2548",9.63,5
"C2549",47.37,5
"C255",5.06,1
"C2550",9.37,2
"C2551",6.84,2
"C2552",1.7,1
"C2553",0,1
"C2554",2.33,1
"C2555",1.61,1
"C2556",3.16,1
"C2557",18.79,4
"C2558",5,1
"C2559",1.14,1
"C256",3.75,2
"C2560",22.89,2
"C2561",2.15,2
"C2562",4.55,1
"C2563",10.07,1
"C2564",0.46,1
"C2565",5.03,2
"C2566",5,1
"C2567",17.55,2
"C2568",1.02,1
"C2569",1.43,1
"C257",3.83,1
"C2570",0.92,1
"C2571",9.39,2
"C2572",2.02,1
"C2573",10.28,1
"C2574",2.98,1
"C2575",0.9,5
"C2576",0.24,1
"C2577",19.99,1
"C2578",8.94,2
"C2579",22.87,1
"C258",0.98,1
"C2580",4.35,1
"C2581",0.74,2
"C2582",5.55,1
"C2583",0.55,1
"C2584",20.91,6
"C2585",29.62,1
"C2586",2.06,2
"C2587",2.07,1
"C2588",18.71,2
"C2589",20.42,2
"C259",0.18,1
"C2590",21.51,4
"C2591",3.38,1
"C2592",0,1
"C2593",5.03,1
"C2594",25.07,2
"C2595",20.49,3
"C2596",52.78,3
"C2597",10.06,4
"C2598",3.72,3
"C2599",3.38,1
"C26",15.99,2
"C260",2.46,1
"C2600",0,2
"C2601",2.33,2
"C2602",29.28,1
"C2603",4.69,1
"C2604",5.62,1
"C2605",5.79,1
"C2606",0,1
"C2607",4.98,1
"C2608",8.79,2
"C2609",0.7,1
"C261",52.06,4
"C2610",4.39,2
"C2611",0,1
"C2612",2.4,1
"C2613",0,1
"C2614",20,1
"C2615",14.68,1
"C2616",27.77,2
"C2617",2.88,1
"C2618",1.72,1
"C2619",44.11,2
"C262",3.6,1
"C2620",0.54,1
"C2621",21.06,2
"C2622",1.86,3
"C2623",0.16,1
"C2624",1.09,1
"C2625",0.54,1
"C2626",12.65,1
"C2627",21.05,7
"C2628",0.51,1
"C2629",35.21,1
"C263",4.77,1
"C2630",1.18,2
"C2631",11.93,4
"C2632",0.03,1
"C2633",25.85,6
"C2634",3.05,1
"C2635",0,1
"C2636",0.5,1
"C2637",1.68,1
"C2638",8.12,2
"C2639",11.27,1
"C264",1.49,2
"C2640",0.5,1
"C2641",18.7,3
"C2642",2,1
"C2643",5.62,4
"C2644",2.37,1
"C2645",16.63,1
"C2646",0,1
"C2647",0.81,1
"C2648",0,1
"C2649",3.36,1
"C265",6,3
"C2650",3.98,2
"C2651",26.8,1
"C2652",9.64,1
"C2653",2.73,2
"C2654",19.64,6
"C2655",29.54,3
"C2656",4.42,1
"C2657",2.02,1
"C2658",0.56,1
"C2659",2.74,3
"C266",0,1
"C2660",119.63,14
"C2661",0.54,1
"C2662",2.03,1
"C2663",0.95,1
"C2664",1.02,1
"C2665",30,1
"C2666",2.6,1
"C2667",17.51,6
"C2668",35,1
"C2669",2.5,1
"C267",2.97,1
"C2670",1.85,1
"C2671",7.31,4
"C2672",0.3,1
"C2673",1.1,1
"C2674",2.7,2
"C2675",0.47,1
"C2676",2.98,2
"C2677",87.51,4
"C2678",23.55,1
"C2679",16.09,1
"C268",52.11,2
"C2680",0.18,1
"C2681",0,1
"C2682",363.95,22
"C2683",0,1
"C2684",0.59,1
"C2685",0,1
"C2686",0.48,1
"C2687",0.2,1
"C2688",11.74,4
"C2689",0.47,1
"C269",0,2
"C2690",5.21,1
"C2691",2.2,1
"C2692",3,1
"C2694",74.16,8
"C2695",2.16,2
"C2696",6.98,2
"C2697",0,1
"C2698",7.41,3
"C2699",9.85,4
"C27",45.65,2
"C270",36.38,2
"C2700",6.9,3
"C2701",80.54,3
"C2702",4.17,3
"C2703",3.6,1
"C2704",3.12,1
"C2705",30.55,5
"C2706",0.31,1
"C2707",1.53,2
"C2708",8.41,1
"C2709",3.41,1
"C271",2.19,2
"C2710",0,1
"C2711",7.01,2
"C2712",5,1
"C2713",0.13,1
"C2714",2.69,1
"C2715",2.51,1
"C2716",4.77,2
"C2717",1.77,2
"C2718",0.47,1
"C2719",0.09,1
"C272",0,1
"C2720",62.73,9
"C2721",0.3,1
"C2722",10.1,4
"C2723",0.59,1
"C2724",0,1
"C2725",0.98,1
"C2726",0,1
"C2727",1.18,1
"C2728",9.22,1
"C2729",0.72,1
"C273",1.56,2
"C2730",1.58,1
"C2731",4.02,2
"C2732",1.48,1
"C2733",31.47,1
"C2734",2.66,1
"C2735",0.86,1
"C2736",6.45,5
"C2737",6.85,1
"C2738",10,1
"C2739",0,1
"C274",14.69,3
"C2740",5.74,4
"C2741",0,1
"C2742",70.09,4
"C2743",10,1
"C2744",38.97,4
"C2745",0,1
"C2746",0,1
"C2747",4.09,1
"C2748",26.04,4
"C2749",2.16,1
"C275",1.4,2
"C2750",3.52,2
"C2751",2.42,1
"C2752",0.96,1
"C2753",1.37,1
"C2754",6.42,1
"C2755",31.22,4
"C2756",1.67,1
"C2757",2.3,1
"C2758",3.08,1
"C2759",3.61,2
"C276",0.29,1
"C2760",30,1
"C2761",41.59,3
"C2762",5.96,1
"C2763",16.43,4
"C2764",5.22,2
"C2765",42.61,3
"C2766",6.03,1
"C2767",0,1
"C2768",8.88,2
"C2769",33.35,4
"C277",56.73,4
"C2770",0.2,1
"C2771",0,1
"C2772",0.49,1
"C2773",7.25,2
"C2774",3.33,2
"C2775",0.51,1
"C2776",0,1
"C2777",2.24,4
"C2778",0.47,1
"C2779",3.85,3
"C278",1.98,1
"C2780",2.95,1
"C2781",4.69,1
"C2782",14.36,4
"C2783",1.54,2
"C2784",1.09,1
"C2785",14.16,4
"C2786",7.5,1
"C2787",25.45,2
"C2788",5.5,1
"C2789",2.74,1
"C279",0,1
"C2790",3.36,1
"C2791",51.77,4
"C2792",2.39,2
"C2793",7.82,4
"C2794",0,1
"C2795",10.58,1
"C2796",5.93,1
"C2797",4.99,1
"C2798",1.6,2
"C2799",14.06,2
"C28",1.86,2
"C280",50.52,2
"C2800",61.29,2
"C2801",0.53,1
"C2802",7.37,2
"C2803",7.9,1
"C2804",3.44,1
"C2805",9.57,1
"C2806",9.81,2
"C2808",3.46,1
"C2809",9.76,4
"C281",4.62,2
"C2810",58.29,11
"C2811",5.04,1
"C2812",10.58,3
"C2813",5.98,2
"C2814",1.99,1
"C2815",5.82,1
"C2816",3.05,1
"C2817",4.86,3
"C2818",0,1
"C2819",12.97,2
"C282",3.13,1
"C2820",0.53,1
"C2821",18.31,2
"C2822",5.67,3
"C2823",1.98,1
"C2824",4.45,2
"C2825",4.73,1
"C2826",0,1
"C2827",0.42,1
"C2828",2.4,1
"C2829",0.79,2
"C283",1.15,1
"C2830",7.04,2
"C2831",2.36,1
"C2832",10,1
"C2833",1.71,1
"C2834",0.51,1
"C2835",1.01,2
"C2836",26.98,3
"C2837",23.31,8
"C2838",3.47,2
"C2839",10.13,3
"C284",13.92,3
"C2840",0,1
"C2841",50.89,4
"C2842",3.9,1
"C2843",1,1
"C2844",58.58,12
"C2845",0.62,1
"C2846",0.51,1
"C2847",2.74,3
"C2848",6.96,1
"C2849",5,1
"C285",12.96,3
"C2850",4.19,1
"C2851",1.05,1
"C2852",5.44,3
"C2853",0.5,1
"C2854",0,2
"C2855",3.48,1
"C2856",8.92,2
"C2857",12.83,1
"C2858",33.13,4
"C2859",2.43,1
"C286",0,1
"C2860",1.14,4
"C2861",15,3
"C2862",1.18,1
"C2863",4.97,1
"C2864",0,1
"C2865",8.26,2
"C2866",15.08,3
"C2867",5.89,1
"C2868",3.1,1
"C2869",12.54,2
"C287",1.1,1
"C2870",37.74,3
"C2871",9.86,5
"C2872",7.47,3
"C2873",26.4,5
"C2874",6.13,1
"C2875",0.65,1
"C2876",2.6,2
"C2877",17.82,3
"C2878",6.13,1
"C2879",3.99,1
"C288",4.56,2
"C2880",43.4,4
"C2881",7.2,1
"C2882",12.22,5
"C2883",1.93,1
"C2884",2.07,2
"C2885",0.55,1
"C2886",0.7,1
"C2887",7.1,2
"C2888",7.54,2
"C2889",5.02,1
"C289",2.43,1
"C2890",5.34,1
"C2891",6.7,4
"C2892",3.57,1
"C2893",2.84,1
"C2894",4.2,1
"C2895",40.21,1
"C2896",1.88,1
"C2897",5.79,1
"C2898",5,2
"C2899",8.36,1
"C29",64.15,17
"C290",25.01,1
"C2900",6.87,1
"C2901",55.07,2
"C2902",43.69,7
"C2903",10,1
"C2904",4.63,1
"C2905",3.12,1
"C2906",80.84,9
"C2907",15.61,3
"C2908",5,1
"C2909",1.88,1
"C291",3.36,1
"C2910",2.92,1
"C2911",2.43,1
"C2912",3.39,1
"C2913",3.46,1
"C2914",2.03,1
"C2915",3.5,1
"C2916",4.94,1
"C2917",1.46,1
"C2918",0.2,1
"C2919",3.54,2
"C292",3.92,1
"C2920",0.63,1
"C2921",4.82,1
"C2922",0.32,1
"C2923",24.45,5
"C2924",2.58,1
"C2925",68.22,2
"C2926",0.51,1
"C2927",4.55,2
"C2928",0.49,1
"C2929",1.3,1
"C293",4.42,1
"C2930",44.34,8
"C2931",4.74,1
"C2932",0,1
"C2933",7.77,3
"C2934",5.41,2
"C2935",2.17,2
"C2936",2.48,2
"C2937",2.32,1
"C2938",22.23,4
"C2939",1.52,1
"C294",0.25,1
"C2940",50,1
"C2941",20.29,1
"C2942",5.31,1
"C2943",5.32,1
"C2944",3.75,2
"C2945",10.19,2
"C2946",1,1
"C2947",0.96,1
"C2948",1.25,1
"C2949",29.53,7
"C295",36.58,6
"C2950",2.26,1
"C2951",28.62,5
"C2952",1.22,1
"C2953",6.71,1
"C2954",32.97,10
"C2955",0.48,1
"C2956",15.93,1
"C2957",15.41,1
"C2958",8.05,3
"C2959",4.61,1
"C296",3.05,1
"C2960",9.99,1
"C2961",23.18,4
"C2962",76.25,3
"C2963",0,1
"C2964",3.57,1
"C2965",1.6,1
"C2966",15.55,3
"C2967",0.03,1
"C2968",3.03,1
"C2969",11.14,2
"C297",0.75,1
"C2970",5.63,3
"C2971",5.33,1
"C2972",3.02,1
"C2973",43.33,4
"C2974",38.36,3
"C2975",76,8
"C2976",5.41,2
"C2977",4.35,1
"C2978",25.35,3
"C2979",382.12,40
"C298",5.86,3
"C2980",0.49,1
"C2981",33.96,2
"C2982",2.65,2
"C2983",3.13,2
"C2984",4.19,1
"C2985",3.59,1
"C2986",1,1
"C2987",8.51,5
"C2988",1.1,1
"C2989",8.44,1
"C299",0,1
"C2990",6.2,3
"C2991",34.08,7
"C2992",52.05,3
"C2993",0,1
"C2994",1.67,2
"C2995",0.9,2
"C2996",3.54,3
"C2997",3.1,1
"C2998",8.05,1
"C2999",12.09,1
"C3",4.57,2
"C30",0.47,1
"C300",0.97,1
"C3000",2.44,1
"C3001",6.58,2
"C3002",1.01,1
"C3003",6.02,2
"C3004",0.5,1
"C3005",0.96,1
"C3006",3.13,2
"C3007",4.33,1
"C3008",7.1,2
"C3009",0,1
"C301",0.1,1
"C3010",3.76,1
"C3011",6.49,2
"C3012",3.97,1
"C3013",5,1
"C3014",1.99,1
"C3015",5.18,5
"C3016",0,1
"C3017",1.54,2
"C3018",0.61,1
"C3019",14.71,1
"C302",3.99,1
"C3020",51.32,1
"C3021",2.31,1
"C3022",17.43,3
"C3023",18.94,2
"C3024",0.51,1
"C3025",116.75,13
"C3026",2.06,1
"C3027",1.93,1
"C3028",1.02,1
"C3029",5.13,1
"C303",0,1
"C3030",5.22,1
"C3031",7.79,1
"C3032",2.04,1
"C3033",6.04,1
"C3034",1.11,1
"C3035",21.08,5
"C3036",53.62,6
"C3037",0.21,1
"C3038",2,1
"C3039",6.63,2
"C304",6.18,1
"C3040",8.54,3
"C3041",0,2
"C3042",40.79,11
"C3043",72.99,5
"C3044",0.27,1
"C3045",25.44,4
"C3046",0.37,1
"C3047",2.94,1
"C3048",33.64,6
"C3049",0,1
"C305",2,1
"C3050",7.19,2
"C3051",36.62,3
"C3052",0.19,1
"C3053",5.85,4
"C3054",19.55,3
"C3055",0,1
"C3056",8.34,1
"C3057",0.58,1
"C3058",23.64,1
"C3059",15.25,1
"C306",4.66,2
"C3060",1.06,1
"C3061",4.43,1
"C3062",0.3,1
"C3063",0.67,1
"C3064",49.26,2
"C3065",9.45,1
"C3066",10.79,3
"C3067",38.33,6
"C3068",11.64,2
"C3069",4.17,1
"C307",0.99,1
"C3070",0.58,1
"C3071",29.94,1
"C3072",0.42,1
"C3073",3.54,1
"C3074",31.49,3
"C3075",0.52,1
"C3076",6.71,1
"C3077",2.04,1
"C3078",61.26,3
"C3079",4.92,1
"C308",0.98,1
"C3080",8.35,2
"C3081",6.12,2
"C3082",12.32,1
"C3083",0,1
"C3084",3.03,2
"C3085",41.45,4
"C3086",0.56,2
"C3087",2.11,2
"C3088",1,1
"C3089",2.6,3
"C309",1.28,2
"C3090",1.42,1
"C3091",0,1
"C3092",4.64,2
"C3093",3.83,1
"C3094",0,1
"C3095",20,1
"C3096",4.08,1
"C3097",10.21,2
"C3098",5.1,2
"C3099",1,1
"C31",5.89,1
"C310",4.97,2
"C3100",5.02,1
"C3101",80.51,12
"C3102",0.57,1
"C3103",15.66,7
"C3104",0,1
"C3105",4.03,1
"C3106",7.48,1
"C3107",4.81,1
"C3108",5.45,3
"C3109",45.54,1
"C311",5.98,2
"C3110",0,1
"C3111",4.02,1
"C3112",0.98,1
"C3113",9.79,4
"C3114",48.62,8
"C3115",16.01,3
"C3116",5.5,1
"C3117",5.83,2
"C3118",3.09,1
"C3119",0,1
"C312",4.26,1
"C3120",3.23,1
"C3121",0.48,2
"C3122",12.28,5
"C3123",1.59,1
"C3124",0.43,1
"C3125",0.8,1
"C3126",15.09,1
"C3127",12.4,2
"C3128",2.02,1
"C3129",0.16,1
"C313",25.8,5
"C3130",10.02,3
"C3131",8.6,2
"C3132",5.2,1
"C3133",0.14,1
"C3134",24.68,1
"C3135",15.57,2
"C3136",30.47,2
"C3137",1.41,1
"C3138",27.65,2
"C3139",11.33,4
"C314",29.8,5
"C3140",24.04,3
"C3141",2.48,1
"C3142",100,1
"C3143",16.19,3
"C3144",8.46,1
"C3145",19.35,3
"C3146",18.65,4
"C3147",9.99,1
"C3148",8.28,4
"C3149",17.55,1
"C315",7.51,2
"C3150",5.71,1
"C3151",2.6,1
"C3152",3.62,1
"C3153",8.22,4
"C3154",7.92,3
"C3155",5.01,1
"C3156",0,1
"C3157",2.56,1
"C3158",8.39,2
"C3159",11.59,2
"C316",10,1
"C3160",4.08,4
"C3161",3.53,1
"C3162",1.06,1
"C3163",0.99,1
"C3164",42.41,1
"C3165",18.44,5
"C3166",6.09,1
"C3167",0.96,1
"C3168",5.1,2
"C3169",7.37,3
"C317",0.31,1
"C3170",1.06,1
"C3171",0.04,1
"C3172",2.28,1
"C3173",0,1
"C3174",10.02,1
"C3175",0,1
"C3176",3.08,1
"C3177",0,1
"C3178",14.21,5
"C3179",7.41,1
"C318",7.82,3
"C3180",4.65,1
"C3181",41.28,4
"C3182",0,1
"C3183",2.23,1
"C3184",6.33,2
"C3185",1.08,1
"C3186",0.49,1
"C3187",3.1,1
"C3188",2.77,1
"C3189",31.8,3
"C319",5,1
"C3190",1.56,1
"C3191",7.2,3
"C3192",0.51,2
"C3193",3.38,1
"C3194",1.77,2
"C3195",0.24,1
"C3196",17.63,3
"C3197",4.35,1
"C3198",0,1
"C3199",0.22,1
"C32",17.08,4
"C320",0,2
"C3200",0,1
"C3201",1.02,1
"C3202",1.22,1
"C3203",3.91,1
"C3204",5.96,1
"C3205",0,1
"C3206",1.56,1
"C3207",0.3,1
"C3208",0.5,1
"C3209",4.31,1
"C321",0.09,1
"C3210",0,1
"C3211",6.05,1
"C3212",4.96,1
"C3213",3.81,1
"C3214",2.7,1
"C3215",0,1
"C3216",0.52,1
"C3217",2.24,3
"C3218",0.4,1
"C3219",2.75,1
"C322",13.56,1
"C3220",26.42,4
"C3221",3.86,1
"C3222",2.92,3
"C3223",4.46,2
"C3224",8.25,4
"C3225",10.13,3
"C3226",29,1
"C3227",0,1
"C3228",6.5,1
"C3229",17.02,3
"C323",2.05,1
"C3230",4.55,1
"C3231",14.42,9
"C3232",3.85,1
"C3233",53.12,3
"C3234",4.37,2
"C3235",90.22,2
"C3236",1.05,1
"C3237",0.29,1
"C3238",0,1
"C3239",0.42,1
"C324",2.72,1
"C3240",2.12,2
"C3241",3.47,1
"C3242",5.44,3
"C3243",0.2,1
"C3244",2.48,1
"C3245",5.02,1
"C3246",4.29,1
"C3247",3.3,2
"C3248",1.78,1
"C3249",0.46,2
"C325",2.5,1
"C3250",10,1
"C3251",17.46,3
"C3252",0.39,1
"C3253",4.34,1
"C3254",4.64,3
"C3255",3.02,1
"C3256",0.49,1
"C3257",3.25,4
"C3258",10,1
"C3259",1.16,1
"C326",0.45,1
"C3260",27.52,5
"C3261",64.28,6
"C3262",2.15,1
"C3263",2.72,2
"C3264",11.75,3
"C3265",5.11,2
"C3266",4.14,2
"C3267",1.05,1
"C3268",19.06,2
"C3269",5,1
"C327",9.26,4
"C3270",18.54,3
"C3271",0.52,1
"C3272",21.46,3
"C3273",5,1
"C3274",5.06,4
"C3275",5.7,2
"C3276",6.38,2
"C3277",0,1
"C3278",4.58,1
"C3279",4.62,2
"C328",0.5,2
"C3280",14.93,2
"C3281",63.51,5
"C3282",0.98,1
"C3283",1.06,1
"C3284",3.74,1
"C3285",2.54,3
"C3286",6.45,3
"C3287",10.07,4
"C3288",2.8,1
"C3289",4.12,2
"C329",15.96,2
"C3290",0,1
"C3291",5.98,3
"C3292",10.6,1
"C3293",6.87,3
"C3294",14.43,6
"C3295",20.77,2
"C3296",33.26,3
"C3297",6.78,3
"C3298",20.35,3
"C3299",30.64,3
"C33",1.39,3
"C330",5.49,4
"C3300",0.42,1
"C3301",2.58,1
"C3302",3.01,1
"C3303",2.14,3
"C3304",33.17,5
"C3305",0,1
"C3306",4.93,1
"C3307",0.12,1
"C3308",7.82,2
"C3309",15.11,4
"C331",4.52,1
"C3310",2.54,1
"C3311",14.19,6
"C3312",4,2
"C3313",16.17,2
"C3314",0.31,1
"C3315",1.94,1
"C3316",0,1
"C3317",2.6,2
"C3318",1.68,1
"C3319",10.26,1
"C332",5.05,2
"C3320",9.97,1
"C3321",12.76,5
"C3322",4.57,1
"C3323",5.63,1
"C3324",77.69,3
"C3325",12.82,1
"C3326",19.22,2
"C3327",1.97,2
"C3328",5.08,3
"C3329",40.78,15
"C333",0.33,2
"C3330",4.05,1
"C3331",0.26,1
"C3332",0.5,1
"C3333",49.31,8
"C3334",34.62,3
"C3335",6.33,1
"C3336",0,1
"C3337",25.16,5
"C3338",6.77,4
"C3339",5.81,1
"C334",3.96,1
"C3340",0,1
"C3341",10.09,1
"C3342",2.25,1
"C3343",2.15,1
"C3344",6.02,1
"C3345",3.62,1
"C3346",0.8,1
"C3347",43.53,3
"C3348",2.73,1
"C3349",3.52,1
"C335",0.89,1
"C3350",10.96,2
"C3351",0,1
"C3352",4.29,1
"C3353",1.87,1
"C3354",12.56,2
"C3355",2.75,1
"C3356",12.79,2
"C3357",2.89,1
"C3358",2.5,1
"C3359",42.91,4
"C336",2.2,1
"C3360",0,1
"C3361",0.41,1
"C3362",10.83,2
"C3363",0.56,1
"C3364",4.03,1
"C3365",14.97,2
"C3366",0,1
"C3367",3.93,2
"C3368",0,1
"C3369",1,1
"C337",6.08,3
"C3370",17.08,4
"C3371",0.3,1
"C3372",1.01,1
"C3373",2.9,1
"C3374",9.52,1
"C3375",0.67,1
"C3376",20.18,1
"C3377",0,1
"C3378",2.2,1
"C3379",2.02,1
"C338",1,1
"C3380",0.19,1
"C3381",8.36,2
"C3382",2.11,1
"C3383",0.65,1
"C3384",0.34,1
"C3385",3.11,1
"C3386",11.67,4
"C3387",5.15,1
"C3388",0,1
"C3389",1.56,2
"C339",2,1
"C3390",1.73,1
"C3391",10.65,2
"C3392",33.17,2
"C3393",44.74,5
"C3394",2.04,2
"C3395",2.28,1
"C3396",0.26,1
"C3397",28.9,6
"C3398",0.02,1
"C3399",39.18,4
"C34",1.61,1
"C340",3.05,1
"C3400",5,1
"C3401",10.45,2
"C3402",1.05,3
"C3403",0,1
"C3404",0.2,1
"C3405",10.21,2
"C3406",3.04,1
"C3407",47.1,4
"C3408",10.19,1
"C3409",40.27,2
"C341",44.26,6
"C3410",1.43,1
"C3411",20.22,3
"C3412",4.35,1
"C3413",0.55,1
"C3414",64.22,4
"C3415",14.72,3
"C3416",2.52,1
"C3417",4.67,1
"C3418",19.58,2
"C3419",2.19,1
"C342",0.62,2
"C3420",20,1
"C3421",4.36,1
"C3422",5.04,2
"C3423",9.66,3
"C3424",15.71,4
"C3425",0,1
"C3426",4.43,1
"C3427",19.04,3
"C3428",2.99,1
"C3429",3.79,1
"C343",15.33,1
"C3430",0,1
"C3431",16.01,3
"C3432",3.16,1
"C3433",0,1
"C3434",14.42,3
"C3435",0.33,1
"C3436",19.02,1
"C3437",4.52,3
"C3438",69.04,2
"C3439",4.73,2
"C344",10.98,1
"C3440",6.78,2
"C3441",21.48,4
"C3442",38.37,2
"C3443",0,1
"C3444",6.95,5
"C3445",23.24,2
"C3446",5.51,1
"C3447",8.59,6
"C3448",30.29,1
"C3449",7.59,1
"C345",135.8,4
"C3450",5.22,2
"C3451",0,1
"C3452",5.89,1
"C3453",0.97,1
"C3454",3.94,1
"C3455",0,1
"C3456",0,2
"C3457",4.79,1
"C3458",51.31,1
"C3459",25.73,3
"C346",2.61,1
"C3460",11.64,1
"C3461",2.34,1
"C3462",5.71,1
"C3463",2.62,1
"C3464",74.02,2
"C3465",10.59,2
"C3466",16.83,3
"C3467",98.7,6
"C3468",117,19
"C3469",1.4,3
"C347",3.59,3
"C3470",20.32,2
"C3471",0.92,1
"C3472",28.99,6
"C3473",22.38,5
"C3474",3.43,2
"C3475",26,4
"C3476",1.2,1
"C3477",10.01,1
"C3478",0.03,1
"C3479",5.06,2
"C348",46.76,6
"C3480",27.31,3
"C3481",34.99,1
"C3482",10.41,4
"C3483",4.78,1
"C3484",4.09,1
"C3485",0.26,1
"C3486",32.56,3
"C3487",7.52,4
"C3488",1.14,1
"C3489",0,1
"C349",18.37,2
"C3490",0.24,1
"C3491",11.71,2
"C3492",4.96,1
"C3493",0.11,1
"C3494",6.16,1
"C3495",42.58,11
"C3496",24.02,4
"C3497",1.71,1
"C3498",5.67,3
"C3499",11.26,5
"C35",0.5,1
"C350",71.95,1
"C3500",10,1
"C3501",0,1
"C3502",0.51,1
"C3503",11.61,1
"C3504",25.02,4
"C3505",64.56,8
"C3506",83.75,10
"C3507",0,1
"C3508",0,1
"C3509",6.64,2
"C351",4.44,1
"C3510",3.16,1
"C3511",0,2
"C3512",12.4,3
"C3513",12.68,1
"C3514",6.56,2
"C3515",87.54,9
"C3516",10.4,2
"C3517",0.48,1
"C3518",2,2
"C3519",14.25,5
"C352",1.28,1
"C3520",5.15,1
"C3521",2.7,1
"C3522",45.84,4
"C3523",7.38,3
"C3524",7.18,6
"C3525",2.42,1
"C3526",5.25,1
"C3527",0,1
"C3528",4.68,1
"C3529",2.55,1
"C353",0,2
"C3530",0.74,1
"C3531",16.64,3
"C3532",2.27,1
"C3533",34.09,8
"C3534",8.25,3
"C3535",70.06,7
"C3536",3.46,1
"C3537",0.57,1
"C3538",4.84,2
"C3539",6.84,1
"C354",5.25,1
"C3540",18.19,5
"C3541",21.47,3
"C3542",3.89,1
"C3543",22.99,1
"C3544",0.81,1
"C3545",15.29,1
"C3546",0,1
"C3547",47.12,3
"C3548",20.19,1
"C3549",55.33,2
"C355",0,1
"C3550",0,1
"C3551",3.89,1
"C3552",69.77,7
"C3553",9.33,7
"C3554",15.83,2
"C3555",3.58,1
"C3556",0,1
"C3557",0,1
"C3558",1.11,1
"C3559",0,1
"C356",39.35,6
"C3560",0.29,1
"C3561",14.95,3
"C3562",4.98,1
"C3563",2.28,2
"C3564",5.93,1
"C3565",1.59,1
"C3566",4.06,1
"C3567",0.99,1
"C3568",30.67,4
"C3569",4.5,1
"C357",5.29,4
"C3570",0,1
"C3571",39.93,1
"C3572",6.01,3
"C3573",13.68,6
"C3574",0.24,1
"C3575",20.46,2
"C3576",4.99,3
"C3577",0.57,2
"C3578",0.86,1
"C3579",9.95,1
"C358",15.44,2
"C3580",4.52,1
"C3581",2.5,1
"C3582",2.54,1
"C3583",2.32,1
"C3584",7.11,2
"C3585",10.27,3
"C3586",0.75,1
"C3587",1.16,1
"C3588",10.76,4
"C3589",3.84,1
"C359",24.14,4
"C3590",9.99,1
"C3591",5.61,1
"C3592",2.02,2
"C3593",28.66,4
"C3594",2.86,2
"C3595",1.02,1
"C3596",21.87,4
"C3597",1.31,2
"C3598",15.4,2
"C3599",5.09,1
"C36",0.74,1
"C360",3.41,1
"C3600",17.69,3
"C3601",9.08,4
"C3602",4.26,1
"C3603",6.05,1
"C3604",2.97,1
"C3605",0.5,2
"C3606",0,1
"C3607",4.36,3
"C3608",59.86,6
"C3609",29.99,1
"C361",4,1
"C3610",3.26,1
"C3611",9.97,1
"C3612",1.01,1
"C3613",0,1
"C3614",30.35,1
"C3615",16.79,3
"C3616",6.67,1
"C3617",4.13,2
"C3618",87.02,12
"C3619",10.13,4
"C362",1.72,1
"C3620",5.84,1
"C3621",49.26,14
"C3622",3.79,1
"C3623",5.09,1
"C3624",13.96,2
"C3625",1.69,1
"C3626",1.3,1
"C3627",4.68,1
"C3628",9.12,2
"C3629",1.99,1
"C363",0.59,1
"C3630",4.74,5
"C3631",0.99,1
"C3632",7.58,2
"C3633",4.81,1
"C3634",24.64,9
"C3635",6.26,2
"C3636",2.35,1
"C3637",5.88,4
"C3638",10.62,2
"C3639",14.33,2
"C364",40.66,1
"C3640",14.9,3
"C3641",8.72,2
"C3642",8.21,1
"C3643",5.13,1
"C3644",89.35,6
"C3645",13.54,1
"C3646",4.05,1
"C3647",4.67,2
"C3648",7.12,3
"C3649",0,1
"C365",6.38,1
"C3650",4.25,1
"C3651",0.6,1
"C3652",0.99,2
"C3653",2.91,1
"C3654",46.96,4
"C3655",2.75,1
"C3656",5.79,1
"C3657",1.66,1
"C3658",1.2,1
"C3659",0.31,1
"C366",10.07,1
"C3660",0.92,1
"C3661",2.94,3
"C3662",1.15,1
"C3663",5.3,2
"C3664",0.23,1
"C3665",4.13,2
"C3666",4.92,1
"C3667",4.77,2
"C3668",1.97,2
"C3669",4.85,2
"C367",30.4,1
"C3670",0,1
"C3671",17.2,2
"C3672",75.37,8
"C3673",1.54,2
"C3674",5.31,1
"C3675",3.66,1
"C3676",5.99,2
"C3677",8.68,2
"C3678",41.26,5
"C3679",2.18,1
"C368",3.43,2
"C3680",0.8,1
"C3681",0,1
"C3682",10,1
"C3683",0,1
"C3684",0.78,1
"C3685",0.05,1
"C3686",8.26,2
"C3687",6.02,1
"C3688",2.17,1
"C3689",0.52,1
"C369",1.32,1
"C3690",0.72,1
"C3691",0,1
"C3692",20.53,1
"C3693",0.57,1
"C3694",6.43,1
"C3695",4.2,1
"C3696",7,1
"C3697",0.38,1
"C3698",39.64,2
"C3699",4.47,1
"C37",10.39,2
"C370",1.02,2
"C3700",4.75,1
"C3701",2.51,2
"C3702",0.56,2
"C3703",4.7,2
"C3704",15.19,2
"C3705",0.64,1
"C3706",27.85,2
"C3707",0,1
"C3708",3,1
"C3709",6.12,1
"C371",11.61,3
"C3710",14.25,3
"C3711",3.37,1
"C3712",4.51,3
"C3713",5.55,1
"C3714",181.53,15
"C3715",45.38,6
"C3716",6.26,1
"C3717",0.47,1
"C3718",0,1
"C3719",28.09,4
"C372",2.84,2
"C3720",86.13,10
"C3721",29.34,7
"C3722",10.1,1
"C3723",0.88,1
"C3724",5.29,2
"C3725",6.46,1
"C3726",0,1
"C3727",3.18,1
"C3728",1.93,1
"C3729",10.52,1
"C373",6.8,3
"C3730",7.05,2
"C3731",0.93,1
"C3732",42.36,3
"C3733",1.44,1
"C3734",5.28,1
"C3735",53.99,4
"C3736",1.05,1
"C3737",3.12,2
"C3738",4.98,1
"C3739",33.2,1
"C374",5.03,1
"C3740",37.45,1
"C3741",20.83,4
"C3742",1.03,1
"C3743",0,1
"C3744",0.27,1
"C3745",3.2,1
"C3746",0,1
"C3747",6.07,1
"C3748",9.7,4
"C3749",3.42,1
"C375",11.73,1
"C3750",12.09,3
"C3751",1.46,1
"C3752",4.77,1
"C3753",2.94,1
"C3754",2.92,1
"C3755",7.25,3
"C3756",0,1
"C3757",9.14,4
"C3758",5.19,2
"C3759",10.58,4
"C376",49.47,7
"C3760",0.41,1
"C3761",5.27,1
"C3762",9.22,2
"C3763",5.81,2
"C3764",39.25,2
"C3765",0.5,1
"C3766",0,1
"C3767",1.56,1
"C3768",18.82,1
"C3769",11.65,2
"C377",35.06,5
"C3770",13.6,4
"C3771",58.04,2
"C3772",4.4,1
"C3773",31.6,6
"C3774",5,1
"C3775",2.34,1
"C3776",0.39,1
"C3777",5.16,1
"C3778",3.62,1
"C3779",0,1
"C378",0,1
"C3780",0,1
"C3781",1,1
"C3782",3.57,1
"C3783",1.68,1
"C3784",2,1
"C3785",1,1
"C3786",3.6,1
"C3787",10.13,1
"C3788",2.62,3
"C3789",13.23,3
"C379",8.68,1
"C3790",10,1
"C3791",4.43,1
"C3792",5.24,4
"C3793",3.45,1
"C3794",8.29,3
"C3795",0,1
"C3796",10.71,1
"C3797",5.71,1
"C3798",45.8,6
"C3799",3.34,1
"C38",1.5,4
"C380",3.99,1
"C3800",17.63,3
"C3801",21.36,5
"C3802",16.69,2
"C3803",0.7,1
"C3804",0,1
"C3805",17.73,3
"C3806",6.1,4
"C3807",0.52,1
"C3808",3.95,3
"C3809",4.37,2
"C381",5.23,1
"C3810",1.35,2
"C3811",10.5,3
"C3812",7.66,4
"C3813",21.43,4
"C3814",10.32,1
"C3815",0.78,1
"C3816",12.4,2
"C3817",1.74,1
"C3818",2.23,1
"C3819",1.54,1
"C382",8.06,2
"C3820",18.54,8
"C3821",3.78,1
"C3822",5.99,3
"C3823",6.62,1
"C3824",1.05,1
"C3825",0,1
"C3826",2.04,1
"C3827",0.51,1
"C3828",2.89,1
"C3829",1.8,1
"C383",0,1
"C3830",0,2
"C3831",1.02,1
"C3832",9.3,4
"C3833",3.54,2
"C3834",20.45,5
"C3835",4.29,1
"C3836",4.07,1
"C3837",35.04,4
"C3838",1.42,1
"C3839",22.46,2
"C384",3.03,1
"C3840",15.01,1
"C3841",1.03,1
"C3842",17.52,1
"C3843",5.01,3
"C3844",2.4,1
"C3845",3.18,1
"C3846",4.16,2
"C3847",3.54,2
"C3848",0,1
"C3849",2.08,1
"C385",6.63,3
"C3850",0.48,1
"C3851",4.17,2
"C3852",21.12,3
"C3853",5.13,2
"C3854",0.76,2
"C3855",0.72,2
"C3856",11.01,2
"C3857",2.55,1
"C3858",0.99,1
"C3859",1.83,2
"C386",6.03,2
"C3860",4.25,1
"C3861",0.12,1
"C3862",10,1
"C3863",14.27,2
"C3864",1.97,1
"C3865",4.75,2
"C3866",8.6,1
"C3867",4.06,1
"C3868",19.53,1
"C3869",6.03,1
"C387",1.97,1
"C3870",6.27,2
"C3871",0.72,1
"C3872",10,1
"C3873",0,1
"C3874",0.68,1
"C3875",2.68,1
"C3876",5.29,1
"C3877",2.13,2
"C3878",2.81,1
"C3879",3.67,1
"C388",3.44,1
"C3880",15.95,4
"C3881",1.09,1
"C3882",0.29,1
"C3883",5.02,2
"C3884",31.5,12
"C3885",3.34,1
"C3886",4.79,1
"C3887",14.23,3
"C3888",39.33,3
"C3889",4.29,1
"C389",0,1
"C3890",5,1
"C3891",17.91,2
"C3892",4.89,1
"C3893",1.14,1
"C3894",0.3,1
"C3895",6.23,1
"C3896",0.99,1
"C3897",3.49,1
"C3898",0.51,1
"C3899",0.99,2
"C39",6.14,2
"C390",15.32,2
"C3900",24.02,1
"C3901",1.38,1
"C3902",3.41,5
"C3903",0.7,1
"C3904",3.55,1
"C3906",40.23,2
"C3907",0.55,2
"C3908",9.71,1
"C3909",7.05,1
"C391",2.09,1
"C3910",1.49,1
"C3911",5.61,1
"C3912",0.74,1
"C3913",2.19,1
"C3914",8.37,2
"C3915",0.26,1
"C3916",0.01,1
"C3917",9.48,1
"C3918",6.09,1
"C3919",49.09,5
"C392",5.17,1
"C3920",2.8,1
"C3922",41.92,4
"C3923",54.95,8
"C3924",0,1
"C3925",0.94,1
"C3926",0.47,2
"C3927",4.83,1
"C3928",3.04,2
"C3929",29.27,1
"C393",2.45,1
"C3930",9.91,2
"C3931",4.79,1
"C3932",19.45,1
"C3933",4.1,1
"C3934",2.16,1
"C3935",2.79,1
"C3936",1.65,1
"C3937",8.03,3
"C3938",23.76,2
"C3939",0.58,1
"C394",2.47,1
"C3940",4.22,1
"C3941",0.49,1
"C3942",20.06,2
"C3943",0.53,1
"C3944",9.67,1
"C3945",19.71,7
"C3946",25.91,1
"C3947",9.32,3
"C3948",0.67,2
"C3949",0.54,1
"C395",10,1
"C3950",2.94,2
"C3951",3.44,1
"C3952",17.68,2
"C3953",3.29,1
"C3954",0.31,1
"C3955",72.15,3
"C3956",2.52,4
"C3957",7.85,3
"C3958",0,1
"C3959",13.61,1
"C396",10,3
"C3960",1.67,2
"C3961",19.03,2
"C3962",0,1
"C3963",0,2
"C3964",5.09,1
"C3965",13.6,2
"C3966",0.75,1
"C3967",18.89,4
"C3968",13.18,2
"C3969",0.99,1
"C397",1.26,1
"C3970",3,1
"C3971",9.97,2
"C3972",33.03,2
"C3973",0.74,1
"C3974",48.24,5
"C3975",0,1
"C3976",0.3,1
"C3977",0,1
"C3978",0.05,1
"C3979",4.52,1
"C398",0.05,1
"C3980",8.28,2
"C3981",1.34,1
"C3982",3.62,2
"C3983",0.52,1
"C3984",1.58,2
"C3985",0.49,1
"C3986",5,1
"C3987",41.12,2
"C3988",0,1
"C3989",2.24,2
"C399",2.53,1
"C3990",2.55,1
"C3991",1.79,1
"C3992",0.47,1
"C3993",4.66,3
"C3994",1.76,1
"C3995",0,1
"C3996",6.37,3
"C3997",40.13,1
"C3998",15.5,4
"C3999",30.11,7
"C4",5.8,1
"C40",10.28,1
"C400",0.86,2
"C4000",16.97,1
"C4001",0,1
"C4002",33.98,7
"C4003",0.32,1
"C4004",2.22,1
"C4005",1.01,1
"C4006",33.01,4
"C4007",25.9,1
"C4008",7.7,2
"C4009",0,1
"C401",15.04,1
"C4010",42.59,2
"C4011",0,1
"C4012",1.08,1
"C4013",14.98,2
"C4014",21.28,1
"C4015",5,2
"C4016",1.31,1
"C4017",5.08,1
"C4018",2.61,2
"C4019",5.01,1
"C402",1.33,1
"C4020",45.04,3
"C4021",13.7,1
"C4022",4.02,2
"C4023",0,1
"C4024",30.73,1
"C4025",3.64,1
"C4026",0.99,1
"C4027",54.53,9
"C4028",27.36,3
"C4029",1.41,1
"C403",3.68,3
"C4030",1.01,1
"C4031",15.69,2
"C4032",5.04,2
"C4033",6.24,3
"C4034",2.61,3
"C4035",0.49,1
"C4036",1.18,2
"C4037",6.12,2
"C4038",1.28,1
"C4039",0,1
"C404",1.52,2
"C4040",0.77,1
"C4041",3.81,2
"C4042",2.21,2
"C4043",0.76,2
"C4044",6.04,2
"C4045",0,1
"C4046",0,1
"C4047",3.58,2
"C4048",1.26,1
"C4049",16.58,4
"C405",3.04,1
"C4050",6.91,2
"C4051",0,2
"C4052",2.4,1
"C4053",0.58,1
"C4054",3.12,2
"C4055",31.64,3
"C4056",0.38,1
"C4057",22.59,4
"C4058",0,1
"C4059",3.88,2
"C406",17.44,6
"C4060",185.8,2
"C4061",4.47,2
"C4062",0,1
"C4063",2.49,1
"C4064",0,1
"C4065",7.18,2
"C4066",26.8,3
"C4067",14.55,2
"C4068",4.9,2
"C4069",45.72,6
"C407",3.57,2
"C4070",9.64,1
"C4071",2.2,1
"C4072",0,1
"C4073",4.21,1
"C4074",0.1,1
"C4075",0,1
"C4076",4.02,1
"C4077",4.32,1
"C4078",29.81,1
"C4079",4.96,1
"C408",2.12,1
"C4080",6.66,1
"C4081",4.32,1
"C4082",4.19,1
"C4083",10.01,1
"C4084",0,1
"C4085",5,1
"C4086",34.98,6
"C4087",2,1
"C4088",47.14,6
"C4089",1,1
"C409",2.42,1
"C4090",46.7,2
"C4091",1.67,1
"C4092",40.95,3
"C4093",21.9,7
"C4094",1.6,3
"C4095",6.1,1
"C4096",11.66,4
"C4097",9.52,3
"C4098",6.56,4
"C4099",4.96,2
"C41",10.65,1
"C410",12.08,1
"C4100",0.96,1
"C4101",41.07,12
"C4102",0,1
"C4103",2.41,3
"C4104",8.61,2
"C4105",3.45,2
"C4106",1.24,1
"C4107",6.04,1
"C4108",0.79,1
"C4109",1.06,1
"C411",45,2
"C4110",5.21,2
"C4111",2.43,3
"C4112",10,1
"C4113",7.92,1
"C4114",2.55,1
"C4115",1.18,1
"C4116",25.04,1
"C4117",5.26,1
"C4118",56.6,11
"C4119",0,1
"C412",2.54,1
"C4120",15.29,2
"C4121",0.74,1
"C4122",6.01,1
"C4123",2.03,1
"C4124",12.79,1
"C4125",9.94,1
"C4126",2.04,1
"C4127",37.35,1
"C4128",27.19,5
"C4129",0,1
"C413",20.89,2
"C4130",38.06,3
"C4131",3.02,1
"C4132",0.99,1
"C4133",1.64,1
"C4134",4.21,1
"C4135",2.07,1
"C4136",0.74,2
"C4137",20.82,6
"C4138",6.52,1
"C4139",1.68,1
"C414",0,1
"C4140",2.25,1
"C4141",3.75,1
"C4142",6.79,1
"C4143",1.03,1
"C4144",0.98,1
"C4145",0.84,1
"C4146",3.38,1
"C4147",18.64,1
"C4148",3.01,1
"C4149",1.03,1
"C415",4.62,2
"C4150",0,1
"C4151",6.1,1
"C4152",20.38,1
"C4153",3.96,1
"C4154",14.76,2
"C4155",8,1
"C4156",0,1
"C4157",7.85,6
"C4158",34.49,4
"C4159",51.3,1
"C416",0,1
"C4160",10.43,3
"C4161",30.6,1
"C4162",0.04,1
"C4163",23.9,2
"C4164",10,1
"C4165",0.57,1
"C4166",0,1
"C4167",7.33,1
"C4168",13.06,1
"C4169",0,1
"C417",3.41,1
"C4170",0.5,2
"C4171",0.56,1
"C4172",1.13,1
"C4173",0.5,1
"C4174",5.38,1
"C4175",21.82,4
"C4176",2.86,1
"C4177",3.98,1
"C4178",2.26,1
"C4179",3.88,1
"C418",5.13,1
"C4180",0.8,1
"C4181",2.81,1
"C4182",18.72,2
"C4183",5.6,1
"C4184",4.01,1
"C4185",1.07,1
"C4186",27.31,3
"C4187",0.19,1
"C4188",4.48,1
"C4189",3.63,1
"C419",20.5,1
"C4190",5.47,1
"C4191",6.51,1
"C4192",23.38,4
"C4193",10.54,2
"C4194",1.12,2
"C4195",5.04,1
"C4196",9.91,1
"C4197",2.21,3
"C4198",10.08,2
"C4199",0,1
"C42",2.92,3
"C420",10.22,3
"C4200",0.54,1
"C4201",112.06,8
"C4202",0.67,1
"C4203",2.69,1
"C4204",5.24,3
"C4205",0,2
"C4206",24.34,6
"C4207",11.77,2
"C4208",0.1,1
"C4209",5.06,2
"C421",1.95,1
"C4210",0.98,1
"C4211",3.05,1
"C4212",0,1
"C4213",0.7,1
"C4214",0.14,1
"C4215",0.24,1
"C4216",0.72,1
"C4217",10.98,6
"C4218",27.84,4
"C4219",5.01,1
"C422",1.15,1
"C4220",1.09,1
"C4221",5.11,2
"C4222",1.04,2
"C4223",35,1
"C4224",0,2
"C4225",0,1
"C4226",0.94,1
"C4227",0.5,1
"C4228",9.95,1
"C4229",28.52,4
"C423",49.95,1
"C4230",10.32,3
"C4231",19.73,4
"C4232",7.77,3
"C4233",0.96,1
"C4234",5,1
"C4235",1,1
"C4236",35.81,6
"C4237",1.83,1
"C4238",2.22,2
"C4239",0,1
"C424",30.04,1
"C4240",3.39,2
"C4241",4.53,1
"C4242",5.03,2
"C4243",4.54,1
"C4244",5.52,1
"C4245",0.51,1
"C4246",1.01,1
"C4247",12.02,4
"C4248",12.28,1
"C4249",0,1
"C425",60.86,3
"C4250",1.63,1
"C4251",0,1
"C4252",4.31,1
"C4253",0.69,1
"C4254",6.01,1
"C4255",3.69,2
"C4256",6,1
"C4257",1.03,1
"C4258",14.18,1
"C4259",11.54,3
"C426",0,2
"C4260",0,1
"C4261",1.01,1
"C4262",25.1,1
"C4263",11.04,4
"C4264",0.96,1
"C4265",3.5,1
"C4266",100.94,2
"C4267",13.94,1
"C4268",3.92,3
"C4269",0.86,3
"C427",23.65,2
"C4270",51.35,4
"C4271",40.35,4
"C4272",4.65,1
"C4273",6.08,1
"C4274",5.21,1
"C4275",2.84,1
"C4276",0.5,1
"C4277",1.18,1
"C4278",0,1
"C4279",36.17,6
"C428",1.19,1
"C4280",0,1
"C4281",0.56,1
"C4282",3.54,1
"C4283",49.87,3
"C4284",5.97,1
"C4285",6.31,2
"C4286",18.2,2
"C4287",0,1
"C4288",3.11,2
"C4289",26.49,2
"C429",1.8,1
"C4290",13.02,5
"C4291",4.98,1
"C4292",28.69,2
"C4293",12.48,2
"C4294",7.01,3
"C4295",2.7,1
"C4296",2.32,1
"C4297",18.07,6
"C4298",5.45,1
"C4299",8.05,2
"C43",0.05,1
"C430",24.02,1
"C4300",5.21,1
"C4301",6.53,3
"C4302",2.47,3
"C4303",10,3
"C4304",10.32,6
"C4305",15.89,3
"C4306",17.71,4
"C4307",28.78,1
"C4308",1.95,1
"C4309",1.57,1
"C431",5.54,1
"C4310",5.01,2
"C4311",44.78,9
"C4312",0.5,1
"C4313",0,1
"C4314",34.72,7
"C4315",14.8,2
"C4316",0.73,1
"C4317",5.06,1
"C4318",1.79,2
"C4319",21.07,3
"C432",0,1
"C4320",1.04,2
"C4321",3.23,1
"C4322",25,2
"C4323",12.1,3
"C4324",11.12,4
"C4325",2.32,2
"C4326",29.31,2
"C4327",0,1
"C4328",31.7,1
"C4329",23.6,3
"C433",4.54,1
"C4330",13.59,4
"C4331",46.86,4
"C4332",10.83,1
"C4333",2.27,1
"C4334",5.08,3
"C4335",1.62,2
"C4336",67.41,7
"C4337",4.56,1
"C4338",120.47,4
"C4339",0.62,1
"C434",1,2
"C4340",10.04,4
"C4341",0.36,1
"C4342",3.37,2
"C4343",1.79,3
"C4344",4.7,2
"C4345",6.96,4
"C4346",36.33,1
"C4347",3.94,2
"C4348",4.23,1
"C4349",2.52,2
"C435",42.99,4
"C4350",10.65,3
"C4351",2.29,2
"C4352",24.45,3
"C4353",22,2
"C4354",1.94,1
"C4355",2.86,1
"C4356",32.19,2
"C4357",69.77,5
"C4358",20.55,2
"C4359",3.3,1
"C436",30.38,6
"C4360",0,1
"C4361",14.41,2
"C4362",1.27,1
"C4363",5.66,1
"C4364",5.91,2
"C4365",2.8,2
"C4366",7.41,3
"C4367",0.5,1
"C4368",24.07,3
"C4369",6.57,3
"C437",2.58,1
"C4370",0,2
"C4371",6.36,4
"C4372",6.9,1
"C4373",0.75,1
"C4374",0.39,1
"C4375",72.42,7
"C4376",3.02,1
"C4377",8.16,2
"C4378",6.54,2
"C4379",65.07,3
"C438",34.77,7
"C4380",2.24,1
"C4381",5.21,1
"C4382",5.24,4
"C4383",10.23,1
"C4384",85.93,6
"C4385",13.42,1
"C4386",21.12,2
"C4387",19,3
"C4388",0.99,1
"C4389",77.5,9
"C439",5.94,1
"C4390",31.26,4
"C4391",7.07,1
"C4392",17.49,3
"C4393",7.88,3
"C4394",0,1
"C4395",40.29,1
"C4396",2.93,1
"C4397",7.73,3
"C4398",1.12,1
"C4399",1.06,2
"C44",6,1
"C440",6.51,2
"C4400",4.11,2
"C4401",60,3
"C4402",15.66,2
"C4403",0,1
"C4404",1.21,2
"C4405",53.65,9
"C4406",6.78,1
"C4407",0,1
"C4408",2.64,1
"C4409",8.55,2
"C441",66.37,12
"C4410",2.99,1
"C4411",1.95,1
"C4412",11.92,4
"C4413",4.4,2
"C4414",2.41,2
"C4415",1.1,1
"C4416",0,1
"C4417",10.77,2
"C4418",1.01,1
"C4419",23.95,2
"C442",14.89,2
"C4420",2.14,1
"C4421",16.19,4
"C4422",26.87,5
"C4423",6,1
"C4424",0.53,1
"C4425",14.97,3
"C4426",1.06,2
"C4427",127.02,3
"C4428",3.72,1
"C4429",1.57,1
"C443",25.4,1
"C4430",0.72,2
"C4431",10,1
"C4432",0,1
"C4433",3.33,1
"C4434",0.99,1
"C4435",13.1,1
"C4436",18.14,3
"C4437",5,1
"C4438",33.09,14
"C4439",39.01,11
"C444",40.21,3
"C4440",0.77,1
"C4441",7.57,2
"C4442",68.63,3
"C4443",19.95,1
"C4444",0.64,1
"C4445",6.2,2
"C4446",0,2
"C4447",3.19,2
"C4448",27.54,3
"C4449",3.04,1
"C445",109.7,9
"C4450",18.19,3
"C4451",552.91,25
"C4452",1.5,1
"C4453",7.29,2
"C4454",3.66,1
"C4455",14.68,5
"C4456",3.42,1
"C4457",4.69,2
"C4458",10.47,2
"C4459",2.26,1
"C446",120.04,1
"C4460",9.66,2
"C4461",1.55,3
"C4462",0,1
"C4463",0,1
"C4464",2.58,1
"C4465",19.15,5
"C4466",1.95,1
"C4467",0,1
"C4468",6.3,1
"C4469",0,1
"C447",0.04,1
"C4470",0.47,1
"C4471",8.55,1
"C4472",17.76,3
"C4473",45.4,2
"C4474",5.32,1
"C4475",3.01,1
"C4476",26.73,5
"C4477",18.94,2
"C4478",5.04,2
"C4479",0,1
"C448",1.59,1
"C4480",5.31,1
"C4481",57.8,2
"C4482",30.67,1
"C4483",122.41,3
"C4484",4.48,2
"C4485",0.24,1
"C4486",1.58,1
"C4487",5.06,1
"C4488",0,1
"C4489",1.61,1
"C449",0,1
"C4491",0.74,1
"C4492",9.37,4
"C4493",1.68,1
"C4494",8.39,6
"C4495",10.7,2
"C4496",4.08,1
"C4497",2.13,2
"C4498",5.73,1
"C4499",1.04,1
"C45",8.01,3
"C450",20,1
"C4500",1.65,1
"C4501",0,1
"C4502",1.42,2
"C4503",0,1
"C4504",0,1
"C4505",0,1
"C4506",94.17,7
"C4507",0,1
"C4508",15.87,5
"C4509",0.27,2
"C451",77.71,2
"C4510",10,2
"C4511",1.03,1
"C4512",319.57,25
"C4513",36.07,3
"C4514",13.84,1
"C4515",0.51,1
"C4516",4.01,3
"C4517",3.48,2
"C4518",1.49,1
"C4519",2.79,2
"C452",1.51,2
"C4520",3.4,1
"C4521",4.8,1
"C4522",23.16,2
"C4523",1,1
"C4524",2.02,1
"C4525",3.46,1
"C4526",39.36,6
"C4527",15.82,2
"C4528",0.4,2
"C4529",0.86,2
"C453",6.05,2
"C4530",1.94,1
"C4531",13.83,1
"C4532",0,1
"C4533",1.01,1
"C4534",2.52,1
"C4535",0,1
"C4536",2.43,1
"C4537",2.18,1
"C4538",8.82,1
"C4539",0.79,1
"C454",7.02,1
"C4540",0,1
"C4541",1,1
"C4542",0,1
"C4543",3.77,2
"C4544",10.5,3
"C4545",2.5,2
"C4546",3.29,1
"C4547",2,1
"C4548",60.75,1
"C4549",5.01,1
"C455",5.96,3
"C4550",2.47,1
"C4551",0.52,1
"C4552",1.01,1
"C4553",7.3,1
"C4554",16.59,1
"C4555",9.37,4
"C4556",1.62,1
"C4557",3.88,1
"C4558",4.62,1
"C4559",2.06,1
"C456",8.17,1
"C4560",4.41,1
"C4561",4.82,1
"C4562",15,1
"C4563",0.15,1
"C4564",7.49,3
"C4565",44.5,1
"C4566",2,1
"C4567",3.39,1
"C4568",20.05,1
"C4569",3.08,1
"C457",0.33,1
"C4570",6.95,2
"C4571",3.02,1
"C4572",5,1
"C4573",12.02,2
"C4574",28.85,1
"C4575",7.99,2
"C4576",6.13,1
"C4577",11.58,1
"C4578",14.89,6
"C4579",7.96,1
"C458",119.72,2
"C4580",1.45,1
"C4581",0,1
"C4582",3.07,2
"C4583",0.35,1
"C4584",15.29,5
"C4585",0,1
"C4586",6.54,1
"C4587",0.33,1
"C4588",6.85,1
"C4589",18.44,1
"C459",0.52,1
"C4590",0,1
"C4591",3.96,2
"C4592",1.07,1
"C4593",7.5,1
"C4594",0.44,1
"C4595",3.77,2
"C4596",6.48,3
"C4597",5.24,3
"C4598",2.28,2
"C4599",33.81,6
"C46",0.51,1
"C460",5.01,1
"C4600",1,1
"C4601",45.22,1
"C4602",11.09,3
"C4603",0,1
"C4604",8.31,1
"C4605",12.4,2
"C4606",1.81,1
"C4607",5,1
"C4608",0.28,1
"C4609",7.89,3
"C461",20.04,2
"C4610",3.12,1
"C4611",18.44,4
"C4612",20.81,4
"C4613",72.77,7
"C4614",0.3,1
"C4615",0,1
"C4616",0.37,1
"C4617",3.12,2
"C4618",6.8,4
"C4619",5.01,1
"C462",0.57,3
"C4620",11.12,3
"C4621",6.11,2
"C4622",0,1
"C4623",1.03,1
"C4624",1.05,1
"C4625",13.76,1
"C4626",5.32,2
"C4627",1.65,1
"C4628",11.37,4
"C4629",4.96,1
"C463",12.74,2
"C4630",58.25,2
"C4631",2.54,2
"C4632",19.04,4
"C4633",4.21,1
"C4634",2.48,1
"C4635",0,2
"C4636",4.12,1
"C4637",15.61,5
"C4638",2.43,1
"C4639",1.79,1
"C464",0.25,1
"C4640",17.03,2
"C4641",9.18,3
"C4642",5.52,2
"C4643",8.17,1
"C4644",10,1
"C4645",6.99,1
"C4646",5.57,1
"C4647",5.31,2
"C4648",0,2
"C4649",1.72,1
"C465",50.23,3
"C4650",17.47,4
"C4651",5.3,1
"C4652",5.83,1
"C4653",0,1
"C4654",18.35,6
"C4655",0,1
"C4656",3.84,2
"C4657",16.38,2
"C4658",3.22,1
"C4659",5,1
"C466",5.42,3
"C4660",0,1
"C4661",2.71,3
"C4662",0,1
"C4663",4.18,1
"C4664",0,1
"C4665",2.87,1
"C4666",1.94,1
"C4667",3.63,1
"C4668",4.83,2
"C4669",3.19,3
"C467",120.49,2
"C4670",1.94,1
"C4671",3.44,2
"C4672",93.21,11
"C4673",33.86,3
"C4674",1.85,2
"C4675",41.88,4
"C4676",0.92,1
"C4677",4.53,1
"C4678",5.96,1
"C4679",1.65,1
"C468",9.93,1
"C4680",14.84,1
"C4681",52.14,8
"C4682",16.26,5
"C4683",8.4,3
"C4684",1.1,2
"C4685",0.96,1
"C4686",0,1
"C4687",2.99,1
"C4688",0,1
"C4689",1.55,1
"C469",5.62,3
"C4690",58.45,9
"C4691",0.53,1
"C4692",9.84,6
"C4693",1.05,1
"C4694",10.13,2
"C4695",4.99,1
"C4696",24.12,3
"C4697",0.28,1
"C4698",0,1
"C4699",19.63,2
"C47",2.56,1
"C470",4.95,1
"C4700",63.62,4
"C4701",5.03,1
"C4702",0.44,1
"C4703",2.63,1
"C4704",14.08,2
"C4705",0.51,2
"C4706",3.27,1
"C4707",3.58,1
"C4708",1.59,1
"C4709",2.85,2
"C471",13.8,1
"C4710",0,1
"C4711",10.66,3
"C4712",0.63,1
"C4713",10.91,3
"C4714",22.78,12
"C4715",9.33,2
"C4716",4.53,1
"C4717",0,1
"C4718",5.96,1
"C4719",2.92,1
"C472",0,1
"C4720",13.43,3
"C4721",0.75,1
"C4722",1.82,1
"C4723",6.36,1
"C4724",0.11,1
"C4725",20,1
"C4726",5.94,1
"C4727",0.22,1
"C4728",8.55,2
"C4729",30.37,1
"C473",4.05,1
"C4730",1.92,1
"C4731",15.48,4
"C4732",24.86,3
"C4733",1.24,1
"C4734",12.97,1
"C4735",4.16,1
"C4736",7.61,3
"C4737",2.3,1
"C4738",12.07,4
"C4739",17.36,3
"C474",10.2,2
"C4740",50.17,8
"C4741",4.27,1
"C4742",4.52,1
"C4743",37.65,2
"C4744",4.59,3
"C4745",28.75,2
"C4746",43.92,2
"C4747",7.84,2
"C4748",0.96,1
"C4749",1.21,1
"C475",4.74,1
"C4750",0.3,1
"C4751",9.75,2
"C4752",19.9,6
"C4753",12.81,2
"C4754",5.3,1
"C4755",1,1
"C4756",0.45,1
"C4757",5,1
"C4758",0.59,1
"C4759",15.99,2
"C476",8.57,4
"C4760",63.69,3
"C4761",1.5,1
"C4762",3.11,1
"C4763",19.98,2
"C4764",0,1
"C4765",73.06,8
"C4766",0,1
"C4767",17.62,3
"C4768",2.29,1
"C4769",3.01,1
"C477",13.12,1
"C4770",4.63,3
"C4771",2.63,1
"C4772",46.95,3
"C4773",5.29,3
"C4774",0,1
"C4775",41.59,6
"C4776",0,1
"C4777",3.95,2
"C4778",0,1
"C4779",11.62,4
"C478",1.77,1
"C4780",4.18,1
"C4781",10,2
"C4782",45.08,4
"C4783",7.52,1
"C4784",0.47,1
"C4785",36.34,9
"C4786",9.99,2
"C4787",1.19,1
"C4788",0.46,1
"C4789",0.71,1
"C479",1.56,1
"C4790",0,1
"C4791",3.02,1
"C4792",2.21,1
"C4793",27.43,2
"C4794",16.46,1
"C4795",0,1
"C4796",0,2
"C4797",24.18,2
"C4798",2.65,1
"C4799",10.19,2
"C48",0,1
"C480",2.17,3
"C4800",9.79,3
"C4801",12.85,4
"C4802",27.89,2
"C4803",3.93,1
"C4804",64.59,3
"C4805",44.38,3
"C4806",39.96,1
"C4807",5.9,3
"C4808",10.03,1
"C4809",1,1
"C481",95.47,3
"C4810",18.5,5
"C4811",1.49,2
"C4812",34.38,6
"C4813",15.47,1
"C4814",0.96,1
"C4815",0,1
"C4816",0.96,1
"C4817",15.7,1
"C4818",14.43,2
"C4819",1.47,1
"C482",0,1
"C4820",5.11,1
"C4821",50.45,1
"C4822",18.73,1
"C4823",0.98,1
"C4824",3.8,1
"C4825",15.15,3
"C4826",2.51,1
"C4827",1,1
"C4828",0,1
"C4829",20.16,1
"C483",1.02,3
"C4830",3.57,3
"C4831",20.06,1
"C4832",1.25,1
"C4833",10.47,1
"C4834",6.02,2
"C4835",11.85,2
"C4836",25.23,1
"C4837",14.31,2
"C4838",7.47,2
"C4839",0.16,1
"C484",0,1
"C4840",10.37,3
"C4841",6.44,2
"C4842",2.18,1
"C4843",10.94,2
"C4844",1.62,1
"C4845",10.02,1
"C4846",1.46,1
"C4847",0.79,1
"C4848",17.62,4
"C4849",0.14,1
"C485",1.28,1
"C4850",4.94,1
"C4851",5.09,1
"C4852",8.89,2
"C4853",5.01,1
"C4854",12.45,3
"C4855",2.31,1
"C4856",0,1
"C4857",1.77,2
"C4858",2.02,1
"C4859",21.39,4
"C486",0,1
"C4860",3.37,3
"C4861",14.95,1
"C4862",0.68,1
"C4863",4.19,1
"C4864",14.41,1
"C4865",2.82,1
"C4866",40.07,2
"C4867",16.47,4
"C4868",36.69,10
"C4869",0,1
"C487",0.61,1
"C4870",2.98,1
"C4871",4.94,1
"C4872",10.3,2
"C4873",0.33,1
"C4874",11.21,3
"C4875",1.3,1
"C4876",1.04,1
"C4877",10.04,2
"C4878",12.92,1
"C4879",1.01,1
"C488",2.8,1
"C4880",2.46,1
"C4881",0.33,1
"C4882",10.08,1
"C4883",24.38,5
"C4884",4.47,1
"C4885",1.49,1
"C4886",3.13,2
"C4887",2.02,1
"C4888",0.13,1
"C4889",9.77,6
"C489",2.65,1
"C4890",1.06,1
"C4891",1.96,1
"C4892",6.18,1
"C4893",0.98,1
"C4894",4.85,1
"C4895",1,1
"C4896",45.53,2
"C4897",6.94,1
"C4898",2.91,2
"C4899",0.82,1
"C49",0.7,1
"C490",0,2
"C4900",5.55,1
"C4901",0.49,1
"C4902",77.92,3
"C4903",1.7,1
"C4904",4.83,1
"C4905",3.15,2
"C4906",0.12,1
"C4907",10.13,2
"C4908",0.49,1
"C4909",26.44,2
"C491",3.16,2
"C4910",14.5,1
"C4911",48.88,6
"C4912",11.46,3
"C4913",4.75,1
"C4914",4.88,1
"C4915",1.04,1
"C4916",14.49,3
"C4917",13.76,2
"C4918",3.9,4
"C4919",5.41,1
"C492",1,1
"C4920",4.7,1
"C4921",14.95,2
"C4922",2,1
"C4923",3.97,1
"C4924",65.75,8
"C4925",0.94,1
"C4926",1.01,1
"C4927",0.51,2
"C4928",3.05,1
"C4929",3.14,1
"C493",0,2
"C4930",1,1
"C4931",3.02,1
"C4932",10.54,2
"C4933",7.62,1
"C4934",1.5,1
"C4935",65.06,5
"C4936",18.87,3
"C4937",1.06,1
"C4938",0.98,1
"C4939",2.02,1
"C494",10.2,1
"C4940",9.87,1
"C4941",4.38,1
"C4942",4.27,3
"C4943",12.43,1
"C4944",16.6,1
"C4945",0.35,1
"C4946",4.88,1
"C4947",7.77,2
"C4948",5,2
"C4949",0.85,1
"C495",32.85,1
"C4950",2.92,2
"C4951",4.21,1
"C4952",7.52,2
"C4953",20.16,4
"C4954",0.95,1
"C4955",21.85,2
"C4956",2.3,1
"C4957",0.25,1
"C4958",5.06,2
"C4959",0,1
"C496",9.7,3
"C4960",0.46,1
"C4961",69.09,4
"C4962",3.65,1
"C4963",40.03,8
"C4964",0.1,2
"C4965",10.87,5
"C4966",0,1
"C4967",14.55,3
"C4968",37.43,2
"C4969",12.03,2
"C497",0,1
"C4970",3.85,1
"C4971",13.41,2
"C4972",27.92,8
"C4973",5.43,2
"C4974",2.88,1
"C4975",7.27,2
"C4976",11.35,1
"C4977",15.59,3
"C4978",1.9,1
"C4979",21.88,3
"C498",1,1
"C4980",1.03,1
"C4981",5,1
"C4982",5.77,1
"C4983",1.33,1
"C4984",0,3
"C4985",3.01,2
"C4986",6.78,1
"C4987",4.79,2
"C4988",2.68,1
"C4989",10.78,4
"C499",17.23,3
"C4990",3.7,1
"C4991",0,1
"C4992",2.66,2
"C4993",2.44,2
"C4994",4.02,1
"C4995",18.88,4
"C4996",8.59,1
"C4997",13.2,2
"C4998",25.69,2
"C4999",0,1
"C5",6.51,2
"C50",35.28,11
"C500",11.15,3
"C5000",5.51,1
"C5001",6.09,2
"C5002",3,1
"C5003",1.43,1
"C5004",35.79,2
"C5005",2.36,1
"C5006",4.72,3
"C5007",17.9,4
"C5008",5.77,2
"C5009",0,1
"C501",3.77,2
"C5010",1.03,1
"C5011",4.1,1
"C5012",0.67,2
"C5013",4.64,1
"C5014",8.73,2
"C5015",1.13,1
"C5016",0.5,2
"C5017",1.01,1
"C5018",1.36,1
"C5019",1,1
"C502",0,1
"C5020",2.21,3
"C5021",35.97,1
"C5022",2.57,1
"C5023",1.98,1
"C5024",27.62,3
"C5025",2.86,1
"C5026",0,1
"C5027",8.47,3
"C5028",41.14,7
"C5029",2.14,1
"C503",0,1
"C5030",44.83,4
"C5031",9.25,2
"C5032",14.65,4
"C5033",7.06,2
"C5034",0.3,1
"C5035",12.82,1
"C5036",4.22,2
"C5037",0.49,1
"C5038",0.11,1
"C5039",6.85,1
"C504",1.12,1
"C5040",4.49,2
"C5041",8.63,2
"C5042",5.52,2
"C5043",44.01,8
"C5044",0.99,1
"C5045",7.54,2
"C5046",1,1
"C5047",50.08,1
"C5048",0,1
"C5049",10.74,5
"C505",2.73,1
"C5050",4.4,3
"C5051",8.99,1
"C5052",0.37,1
"C5053",2.03,1
"C5054",2.53,2
"C5055",5.44,2
"C5056",11.74,1
"C5057",6.19,1
"C5058",81.87,3
"C5059",4.05,1
"C506",6.18,1
"C5060",5.33,1
"C5061",29.41,2
"C5062",14.21,2
"C5063",0,1
"C5064",27.46,1
"C5065",9.16,5
"C5066",2.94,2
"C5067",6.35,2
"C5068",41.37,4
"C5069",6.13,1
"C507",0.49,2
"C5070",11.1,3
"C5071",103.4,10
"C5072",15.22,6
"C5073",5.03,3
"C5074",3.89,3
"C5075",0,1
"C5076",9.78,2
"C5077",4.39,1
"C5078",35.46,2
"C5079",10.06,1
"C508",0.41,1
"C5080",2.78,3
"C5081",3.91,1
"C5082",0,1
"C5083",18.68,4
"C5084",0.9,1
"C5085",4.87,1
"C5086",0.29,1
"C5087",32.76,5
"C5088",10.2,3
"C5089",10.02,2
"C509",0,1
"C5090",5.02,1
"C5091",43.72,9
"C5092",1.31,1
"C5093",0,1
"C5094",7.38,3
"C5095",0.55,1
"C5096",3.06,1
"C5097",1.66,1
"C5098",5.83,1
"C5099",21.88,3
"C51",2.68,1
"C510",1.02,1
"C5100",34.54,4
"C5101",2,1
"C5102",2.5,3
"C5103",12.17,1
"C5104",3.54,1
"C5105",0,1
"C5106",1.07,1
"C5107",0,1
"C5108",35.44,7
"C5109",3.84,1
"C511",2.52,1
"C5110",12.43,3
"C5111",0.02,1
"C5112",3,2
"C5113",73.89,5
"C5114",13.09,1
"C5115",22.67,7
"C5116",0.01,1
"C5117",0.25,1
"C5118",0.2,1
"C5119",1.04,1
"C512",20.03,1
"C5120",4.66,1
"C5121",0.56,2
"C5122",0,2
"C5123",3.35,1
"C5124",0,1
"C5125",0.86,1
"C5126",2.18,2
"C5127",0.99,1
"C5128",1.1,1
"C5129",0.86,1
"C513",4.21,1
"C5130",4.67,1
"C5131",5.27,1
"C5132",7.52,4
"C5133",0,1
"C5134",6.13,1
"C5135",0.48,1
"C5136",0.79,1
"C5137",2.02,2
"C5138",0,1
"C5139",10.24,1
"C514",10.03,2
"C5140",17.07,2
"C5141",4.3,1
"C5142",5.72,3
"C5143",36.95,7
"C5144",1.86,2
"C5145",5.64,1
"C5146",1,1
"C5147",3.5,2
"C5148",0.38,1
"C5149",0.43,1
"C515",0,1
"C5150",0.64,2
"C5151",4.34,2
"C5152",3.92,3
"C5153",3.26,1
"C5154",5.15,1
"C5155",0.9,1
"C5156",20.4,2
"C5157",8.67,2
"C5158",3.27,2
"C5159",1.05,1
"C516",93.42,4
"C5160",6.08,1
"C5161",11.57,4
"C5162",0.45,1
"C5163",7.26,2
"C5164",0.96,1
"C5165",0,1
"C5166",0.93,1
"C5167",0.36,1
"C5168",0.75,1
"C5169",0.5,1
"C517",12.18,2
"C5170",4.36,1
"C5171",1.03,1
"C5172",4.9,1
"C5173",0.2,1
"C5174",2.98,1
"C5175",0.51,1
"C5176",5.19,1
"C5177",0.75,2
"C5178",0,1
"C5179",6.74,1
"C518",50,1
"C5180",6.05,2
"C5181",9.37,3
"C5182",2.83,3
"C5183",21.04,3
"C5184",0.94,1
"C5185",2.07,1
"C5186",4.68,2
"C5187",5.25,1
"C5188",30.18,1
"C5189",0.6,1
"C519",47.95,1
"C5190",4.63,5
"C5191",2.01,1
"C5192",27.49,1
"C5193",1.43,2
"C5194",5.19,1
"C5195",5.06,1
"C5196",12.55,3
"C5197",13.53,1
"C5198",0.82,2
"C5199",5.02,3
"C52",1.23,1
"C520",2,1
"C5200",4,1
"C5201",1.19,1
"C5202",0,1
"C5203",56.39,5
"C5204",0,2
"C5205",16.65,8
"C5206",0.5,1
"C5207",9.26,3
"C5208",0,1
"C5209",4.12,6
"C521",7.55,2
"C5210",0.61,1
"C5211",0,1
"C5212",4.38,1
"C5213",6.3,1
"C5214",7.79,1
"C5215",3.65,1
"C5216",12.27,2
"C5217",6.09,2
"C5218",2.69,1
"C5219",5.28,3
"C522",6.66,2
"C5220",1.77,1
"C5221",35.51,4
"C5222",1.65,1
"C5223",0,1
"C5224",5.67,2
"C5225",13.77,6
"C5226",15.24,1
"C5227",3.84,2
"C5228",27.97,3
"C5229",20,1
"C523",3.85,1
"C5230",2.51,2
"C5231",0.33,1
"C5232",90,1
"C5233",10.05,2
"C5234",8.55,4
"C5235",0.5,1
"C5236",0.41,1
"C5237",183.87,12
"C5238",2.2,2
"C5239",0,1
"C524",2.51,1
"C5240",8.07,2
"C5241",2.3,2
"C5242",0.95,1
"C5243",11.86,2
"C5244",0.51,1
"C5245",0,2
"C5246",3.91,1
"C5247",26.08,5
"C5248",1.81,3
"C5249",36.49,4
"C525",10.11,1
"C5250",1,1
"C5251",6.53,3
"C5252",0.84,2
"C5253",13.42,3
"C5254",2.05,1
"C5255",1.15,1
"C5256",11.22,5
"C5257",14.99,2
"C5258",47.83,4
"C5259",0.64,1
"C526",1,1
"C5260",2.76,2
"C5261",3.06,1
"C5262",0.6,1
"C5263",4.6,1
"C5264",0.5,1
"C5265",14.34,3
"C5266",14.55,9
"C5267",10.02,1
"C5268",5.53,1
"C5269",0.73,1
"C527",0,1
"C5270",0,1
"C5271",9.85,2
"C5272",36.87,4
"C5273",4.25,2
"C5274",0.45,1
"C5275",3.11,1
"C5276",4.38,1
"C5277",2.13,1
"C5278",0,1
"C5279",0.66,1
"C528",1.09,1
"C5280",15.09,3
"C5281",22.07,1
"C5282",4.12,1
"C5283",3.58,1
"C5284",3.89,1
"C5285",0.24,1
"C5286",3.7,1
"C5287",2.15,1
"C5288",3.25,1
"C5289",0.45,1
"C529",0.99,2
"C5290",24.64,4
"C5291",25.47,1
"C5292",1.99,1
"C5293",32,2
"C5294",2.69,2
"C5295",0.54,1
"C5296",3.38,2
"C5297",19.69,4
"C5298",8.61,1
"C5299",13.43,3
"C53",4.24,1
"C530",16.69,7
"C5300",9.35,3
"C5301",0,1
"C5302",2.74,2
"C5303",10.01,1
"C5304",10.56,1
"C5305",16.23,4
"C5306",5.04,1
"C5307",0.76,1
"C5308",17.98,3
"C5309",4.61,1
"C531",11.85,1
"C5310",1.25,1
"C5311",4.16,2
"C5312",1.02,1
"C5313",22.68,4
"C5314",0.98,1
"C5315",2.4,1
"C5316",32.76,2
"C5317",182.59,13
"C5318",7.6,3
"C5319",13.43,5
"C532",3.26,1
"C5320",0,1
"C5321",93.03,9
"C5322",6.36,1
"C5323",18.66,6
"C5324",1.63,1
"C5325",3.14,1
"C5326",0.08,2
"C5327",5.75,3
"C5328",9.98,3
"C5329",4.89,1
"C533",0,1
"C5330",7.3,2
"C5331",0,1
"C5332",0.17,3
"C5333",7.59,4
"C5334",7.27,2
"C5335",18.54,2
"C5336",8.09,2
"C5337",24.19,1
"C5338",0.19,1
"C5339",16.13,2
"C534",0.72,1
"C5340",0,1
"C5341",1.37,1
"C5342",35.13,2
"C5343",1.6,2
"C5344",7.81,4
"C5345",40.86,4
"C5346",2.47,2
"C5347",6,1
"C5348",0,1
"C5349",6.1,1
"C535",10,1
"C5350",3.32,1
"C5351",19.73,4
"C5352",81.6,11
"C5353",3.83,1
"C5354",25.9,2
"C5355",20.36,2
"C5356",0.3,1
"C5357",8.32,2
"C5358",22.62,2
"C5359",1.02,1
"C536",0.26,1
"C5360",2.78,1
"C5361",2.44,1
"C5362",15.51,3
"C5363",0.62,2
"C5364",4.02,2
"C5365",3.62,1
"C5366",7.33,3
"C5367",0.49,1
"C5368",24.46,5
"C5369",4.91,3
"C537",5.01,1
"C5370",0.52,3
"C5371",3.62,3
"C5372",70.08,10
"C5373",10.23,2
"C5374",1.07,1
"C5375",21.02,4
"C5376",0.5,1
"C5377",5.01,1
"C5378",23.96,2
"C5379",3.3,1
"C538",2.17,3
"C5380",0,1
"C5381",10,2
"C5382",0,1
"C5383",0.05,1
"C5384",1.33,1
"C5385",5.2,3
"C5386",15.91,4
"C5387",2.41,1
"C5388",84.45,2
"C5389",24.8,3
"C539",4.9,1
"C5390",5.19,1
"C5391",13.63,4
"C5392",1.37,1
"C5393",14.16,2
"C5394",2.9,1
"C5395",18.22,2
"C5396",16.06,3
"C5397",4.02,1
"C5398",39.84,3
"C5399",1.7,2
"C54",11.15,1
"C540",25.51,6
"C5400",2.62,2
"C5401",2.68,1
"C5402",0.54,1
"C5403",7.87,3
"C5404",39.81,2
"C5405",5,1
"C5406",8.43,3
"C5407",18.54,3
"C5408",2.04,3
"C5409",6.52,7
"C541",1.03,1
"C5410",1.4,1
"C5411",16.1,4
"C5412",15.5,2
"C5413",0.09,1
"C5414",4.06,2
"C5415",0.04,2
"C5416",30.19,2
"C5417",6,2
"C5418",19.3,4
"C5419",30.62,3
"C542",0,1
"C5420",2.04,1
"C5421",0,1
"C5422",5.03,1
"C5423",15.27,1
"C5424",42.84,8
"C5425",2.02,1
"C5426",4.02,1
"C5427",2.4,1
"C5428",3.4,1
"C5429",160.55,8
"C543",20.53,2
"C5430",0.16,1
"C5431",3.45,1
"C5432",5.52,1
"C5433",4.98,1
"C5434",5.47,1
"C5435",0.19,1
"C5436",0.13,1
"C5437",0.5,1
"C5438",10.05,2
"C5439",5.62,2
"C544",0,1
"C5440",15.08,4
"C5441",55.02,3
"C5442",0.4,1
"C5443",3.06,1
"C5444",10.01,2
"C5445",19.7,2
"C5446",1.98,1
"C5447",0.41,1
"C5448",1.04,1
"C5449",26.06,1
"C545",1,2
"C5450",87.43,7
"C5451",6.92,3
"C5452",22.16,1
"C5453",0.15,1
"C5454",5,1
"C5455",6.99,2
"C5456",34.75,2
"C5457",5,1
"C5458",2.83,1
"C5459",0,1
"C546",19.04,6
"C5460",5.92,1
"C5461",11.65,3
"C5462",3.93,1
"C5463",0.93,1
"C5464",2.41,1
"C5465",30.68,1
"C5466",3,1
"C5467",21.33,3
"C5468",17.57,1
"C5469",0.51,1
"C547",0.43,1
"C5470",10,2
"C5471",2.09,1
"C5472",0,1
"C5473",9.22,2
"C5474",9.97,1
"C5475",3.15,1
"C5476",31.84,5
"C5477",12.49,2
"C5478",28.88,6
"C5479",0,1
"C548",5.01,3
"C5480",3.34,1
"C5481",1.37,1
"C5482",1.65,2
"C5483",0.5,1
"C5484",28.3,2
"C5485",79.72,7
"C5486",70.16,5
"C5487",0.24,1
"C5488",33.67,2
"C5489",0.31,1
"C549",8.65,1
"C5490",1.68,1
"C5491",0.9,1
"C5492",23.75,1
"C5493",50.68,2
"C5494",0.08,1
"C5495",0.31,1
"C5496",10.66,3
"C5497",10,1
"C5498",17.72,1
"C5499",25.39,2
"C55",16.36,2
"C550",25.55,3
"C5500",12.13,2
"C5501",12.35,1
"C5502",20.65,5
"C5503",0.49,1
"C5504",1.97,1
"C5505",4.12,2
"C5506",6.03,1
"C5507",12.21,4
"C5508",1.16,1
"C5509",63.01,3
"C551",5.67,1
"C5510",0.02,1
"C5511",5.88,2
"C5512",0,1
"C5513",0.19,1
"C5514",2.75,1
"C5515",0.43,1
"C5516",6.4,1
"C5517",1.07,1
"C5518",0.5,1
"C5519",1.54,2
"C552",14.32,3
"C5520",0.29,1
"C5521",8.58,1
"C5522",30.96,4
"C5523",10,2
"C5524",6.09,4
"C5525",1.94,1
"C5526",20.69,4
"C5527",0,1
"C5528",9.53,2
"C5529",4.54,1
"C553",27.77,3
"C5530",9.22,2
"C5531",3.26,1
"C5532",5.34,1
"C5533",0.4,1
"C5534",40.21,1
"C5535",10.14,2
"C5536",6.2,1
"C5537",0,1
"C5538",7.11,1
"C5539",4.24,2
"C554",1.2,1
"C5540",23.8,2
"C5541",0.58,2
"C5542",1.42,1
"C5543",6.4,1
"C5544",3.4,1
"C5545",70.26,3
"C5546",7.18,4
"C5547",0,1
"C5548",14.74,1
"C5549",0.31,1
"C555",9.5,2
"C5550",4,1
"C5551",2.54,1
"C5552",10.12,1
"C5553",2.6,1
"C5554",0,1
"C5555",1.78,1
"C5556",4.74,1
"C5557",6.05,1
"C5558",23.93,2
"C5559",6.07,2
"C556",5.71,2
"C5560",4.98,2
"C5561",162.82,16
"C5562",14.41,2
"C5563",0.55,1
"C5564",9.43,1
"C5565",5.87,2
"C5566",30.06,2
"C5567",9.79,2
"C5568",14.25,3
"C5569",3.77,1
"C557",5.45,2
"C5570",2.1,1
"C5571",2.76,4
"C5572",1.22,1
"C5573",4.88,1
"C5574",0.97,1
"C5575",0.99,1
"C5576",7.19,1
"C5577",36.34,5
"C5578",3.96,1
"C5579",3.46,1
"C558",1.83,1
"C5580",2.28,1
"C5581",3.99,1
"C5582",3.66,1
"C5583",23.75,6
"C5584",44.64,2
"C5585",0.2,1
"C5586",3.3,2
"C5587",5.12,2
"C5588",5.5,4
"C5589",1.49,2
"C559",4.83,1
"C5590",15.02,2
"C5591",4.76,1
"C5592",0.89,1
"C5593",0.3,1
"C5594",0.98,1
"C5595",22.53,7
"C5596",0,1
"C5597",0.59,1
"C5598",3.97,1
"C5599",3.95,1
"C56",39.94,1
"C560",1.07,1
"C5600",118.92,11
"C5601",27.35,3
"C5602",8.2,3
"C5603",34.81,3
"C5604",8,2
"C5605",0.81,1
"C5606",5.12,1
"C5607",0.99,1
"C5608",6.18,1
"C5609",3.53,1
"C561",19.09,4
"C5610",29.5,3
"C5611",3.06,1
"C5612",0,1
"C5613",1.95,1
"C5614",1.43,3
"C5615",2.33,2
"C5616",21.16,5
"C5617",1.03,1
"C5618",4.96,1
"C5619",0.48,1
"C562",1.31,4
"C5620",2.85,2
"C5621",4.13,1
"C5622",22,5
"C5623",7.21,1
"C5624",5.33,1
"C5625",1.08,1
"C5626",2.98,1
"C5627",1.09,2
"C5628",30.93,2
"C5629",4.2,1
"C563",57.67,4
"C5630",1.01,1
"C5631",36.97,16
"C5632",0.31,1
"C5633",2.2,1
"C5634",10.14,2
"C5635",1.19,1
"C5636",2.14,1
"C5637",7.02,1
"C5638",9.08,3
"C5639",0,1
"C564",2.31,1
"C5640",2.74,1
"C5641",2.41,3
"C5642",0.18,1
"C5643",3.15,4
"C5644",5.35,1
"C5645",5.66,1
"C5646",0.87,1
"C5647",20.61,3
"C5648",5.02,1
"C5649",37.82,5
"C565",3.68,1
"C5650",19.93,4
"C5651",4.51,2
"C5652",1,1
"C5653",4.07,2
"C5654",3,1
"C5655",3,1
"C5656",2,1
"C5657",1.94,1
"C5658",39.15,1
"C5659",0,1
"C566",1.55,1
"C5660",5.27,1
"C5661",13.16,1
"C5662",7.63,5
"C5663",2.35,1
"C5664",0,1
"C5665",0.99,1
"C5666",3.82,1
"C5667",0,2
"C5668",2.38,1
"C5669",0,1
"C567",3,1
"C5670",5.05,1
"C5671",0.6,1
"C5672",0,1
"C5673",0,1
"C5674",4.36,2
"C5675",0,1
"C5676",0.62,1
"C5677",2.04,1
"C5678",3.58,2
"C5679",1.13,1
"C568",5.71,2
"C5680",1,2
"C5681",4.71,1
"C5682",2.08,1
"C5683",5.49,1
"C5684",6.25,1
"C5685",3.18,1
"C5686",4.65,1
"C5687",15.13,2
"C5688",5,1
"C5689",0,1
"C569",0.82,2
"C5690",16.24,3
"C5691",7.58,2
"C5692",4.65,1
"C5693",0,1
"C5694",48.37,1
"C5695",12.14,1
"C5696",5.42,1
"C5697",3.31,3
"C5698",3.12,1
"C5699",0.2,1
"C57",12.85,2
"C570",4.71,1
"C5700",5.2,1
"C5701",0.45,1
"C5702",38.86,1
"C5703",10.43,3
"C5704",0,1
"C5705",14.85,1
"C5706",3.69,1
"C5707",19.08,5
"C5708",7.05,1
"C5709",3.78,1
"C571",0,4
"C5710",1.6,2
"C5711",4.04,5
"C5712",4.2,1
"C5713",7.67,2
"C5714",3.07,1
"C5715",1.01,1
"C5716",4.69,1
"C5717",3.04,1
"C5718",12.31,8
"C5719",16.74,1
"C572",11.03,1
"C5720",17.08,2
"C5721",23.06,2
"C5722",19.29,6
"C5723",0,1
"C5724",2.06,2
"C5725",40.54,7
"C5726",1.78,1
"C5727",0.48,1
"C573",5.14,2
"C574",6.07,1
"C575",23.85,4
"C576",3.53,3
"C577",1.13,1
"C578",0.63,1
"C579",0.53,1
"C58",13.95,1
"C580",2.08,3
"C581",2.18,2
"C582",0,1
"C583",20.41,1
"C584",5.02,1
"C585",6.28,1
"C586",7.62,3
"C587",2.84,1
"C588",0,1
"C589",6.03,2
"C59",3.96,3
"C590",41.88,7
"C591",18.81,3
"C592",5,1
"C593",22.03,2
"C594",4.63,1
"C595",45.4,2
"C596",3.9,1
"C597",4.61,2
"C598",14.99,2
"C599",5,1
"C6",0,1
"C60",9.15,3
"C600",29.24,2
"C601",6.7,3
"C602",3.6,1
"C603",18.73,2
"C604",13.28,3
"C605",5.01,1
"C606",1,1
"C607",1.62,1
"C608",2.03,1
"C609",13,2
"C61",91.26,5
"C610",10,3
"C611",46.49,3
"C612",2.5,1
"C613",2.8,1
"C614",2.56,1
"C615",8.9,1
"C616",54.51,12
"C617",0,2
"C618",0.19,1
"C619",2.17,1
"C62",0,1
"C620",25.83,1
"C621",0.95,1
"C622",3.95,1
"C623",12.97,7
"C624",5.2,1
"C625",7.88,3
"C626",0.52,1
"C627",13.04,1
"C628",0,1
"C629",0,1
"C63",57.82,6
"C630",11.81,4
"C631",0.99,1
"C632",4.59,2
"C633",4.97,1
"C634",6.48,2
"C635",14.73,1
"C636",5.22,2
"C637",16.87,3
"C638",17.26,3
"C639",16.97,5
"C64",30.34,3
"C640",1.92,1
"C641",2.49,1
"C642",0,1
"C643",14.83,5
"C644",2.95,2
"C645",3.76,1
"C646",0.81,1
"C647",20.67,7
"C648",10.03,2
"C649",1,2
"C65",48.08,7
"C650",24.98,1
"C651",2.38,1
"C652",3.15,1
"C653",38.36,4
"C654",20.98,3
"C655",4.46,2
"C656",1.23,1
"C657",1.71,1
"C658",0.7,1
"C659",2.03,1
"C66",0.71,1
"C660",0,1
"C661",2.53,1
"C662",0.25,1
"C663",1.7,1
"C664",12.68,3
"C665",2.16,2
"C666",0.91,1
"C667",0.5,1
"C668",40.64,8
"C669",132.7,23
"C67",3.83,1
"C670",2.8,2
"C671",1.03,1
"C672",1.06,1
"C673",15.61,1
"C674",5.01,1
"C675",0.84,2
"C676",1.5,1
"C677",1.42,2
"C678",8.84,2
"C679",0,1
"C68",9.02,1
"C681",7.87,3
"C682",49.85,1
"C683",0.65,1
"C684",2.07,2
"C685",0.22,1
"C686",8.31,2
"C687",0,1
"C688",10.36,1
"C689",0.92,1
"C69",4.75,2
"C690",1.02,1
"C691",4.52,1
"C692",1,1
"C693",8.22,1
"C694",10.94,1
"C695",15.28,3
"C696",0,1
"C697",1.97,1
"C698",0,1
"C699",5.28,1
"C7",0,1
"C70",0,1
"C700",0.16,1
"C701",12.12,6
"C702",4,2
"C703",2.16,2
"C704",10.48,4
"C705",0,1
"C706",25.01,5
"C707",11.26,3
"C708",11.43,1
"C709",6.24,1
"C71",17.62,5
"C710",13.48,3
"C711",8.22,1
"C712",1.52,1
"C713",67.02,2
"C714",1.07,1
"C715",6.93,1
"C716",0.97,1
"C717",52.5,2
"C718",3.38,1
"C719",1.19,1
"C72",1.43,1
"C720",0,1
"C721",0,1
"C722",5.09,1
"C723",2.24,2
"C724",0,1
"C725",63.18,2
"C726",1.75,1
"C727",9.1,8
"C728",1.38,2
"C729",13.29,4
"C73",1.31,1
"C730",35.61,4
"C731",16.93,2
"C732",0.5,1
"C733",3.26,3
"C734",0.38,1
"C735",2.6,2
"C736",1.08,2
"C737",0,1
"C738",1.45,1
"C739",1,1
"C74",0.34,1
"C740",0.51,1
"C741",5.02,1
"C742",0.13,2
"C743",2.66,2
"C744",0.84,1
"C745",3.14,1
"C746",7.92,5
"C747",0.5,1
"C748",5.36,1
"C749",19.48,4
"C75",10.7,2
"C750",2,2
"C751",0,1
"C752",6.67,2
"C753",6.45,1
"C754",6.14,1
"C755",5.01,1
"C756",0.99,1
"C757",90.48,1
"C758",11.57,3
"C759",7.22,3
"C76",4.69,2
"C760",12.5,3
"C761",6.5,1
"C762",2.4,2
"C763",3.18,4
"C764",0.74,2
"C765",6.98,3
"C766",1,2
"C767",3.92,1
"C768",20.1,2
"C769",11.95,5
"C77",4.98,1
"C770",12.89,2
"C771",3.42,1
"C772",2.8,1
"C773",1.07,1
"C774",3.04,2
"C775",54.9,8
"C776",2.06,1
"C777",1.28,1
"C778",47.66,5
"C779",71.52,3
"C78",0,1
"C780",0,1
"C781",24.75,3
"C782",5.05,1
"C783",1.02,2
"C784",5.79,2
"C785",3.43,1
"C786",4.91,2
"C787",5.6,1
"C788",3.4,1
"C789",1.65,1
"C79",7.15,2
"C790",4.14,1
"C791",4.93,6
"C792",2.79,1
"C793",5.64,3
"C794",2.1,1
"C795",3.67,1
"C796",2,2
"C797",0.92,1
"C798",0.79,1
"C799",1.01,1
"C8",25.05,6
"C80",68.65,4
"C800",9,3
"C801",4.47,1
"C802",0.96,1
"C803",6.7,3
"C804",11.03,2
"C805",1,1
"C806",16.49,5
"C807",1.18,1
"C808",33.84,7
"C809",35.25,3
"C81",7.96,2
"C810",11.45,1
"C811",7.58,3
"C812",1.57,3
"C813",2.73,1
"C814",0,1
"C815",2.08,1
"C816",5,1
"C817",0,1
"C818",0.77,2
"C819",8.96,1
"C82",18.35,2
"C820",2.65,1
"C821",10.41,2
"C822",0,1
"C823",6.05,2
"C824",2,1
"C825",16.7,7
"C826",3.31,1
"C827",1.57,1
"C828",0.51,1
"C829",3.67,3
"C83",24.59,1
"C830",1.04,1
"C831",2.11,1
"C832",10,1
"C833",9.84,1
"C834",2.27,1
"C835",3.48,2
"C836",0,1
"C837",4.81,2
"C838",23.21,4
"C839",6.21,3
"C84",9.28,3
"C840",1.08,2
"C841",3.48,1
"C842",19.99,2
"C843",10,1
"C844",40.36,4
"C845",28.55,6
"C846",52.85,5
"C847",117.35,13
"C848",5.33,1
"C849",2.82,2
"C85",0,1
"C850",28.57,3
"C851",0,1
"C852",4.78,1
"C853",6.59,1
"C854",3.71,1
"C855",0.74,2
"C856",0.31,1
"C857",24.38,6
"C858",3.16,1
"C859",6.56,1
"C86",0.52,2
"C860",1.58,2
"C861",3.44,1
"C862",0.2,1
"C863",3.03,1
"C864",0,1
"C865",10.12,1
"C866",0,1
"C867",1.85,2
"C868",2.16,2
"C869",2.65,1
"C87",2.04,1
"C870",4.89,1
"C871",17.33,2
"C872",10.12,2
"C873",0.36,1
"C874",0.25,1
"C875",0,1
"C876",0,1
"C877",0.35,1
"C878",3.66,3
"C879",5.99,3
"C88",1.69,1
"C880",1.79,2
"C881",11,1
"C882",15.74,2
"C883",31.74,6
"C884",0,1
"C885",1.3,1
"C886",5.22,2
"C887",0,2
"C888",3.89,1
"C889",5.04,1
"C89",5.78,1
"C890",2.35,1
"C891",10.02,2
"C892",1.02,1
"C893",12.27,2
"C894",4.9,1
"C895",4.05,1
"C896",13.28,2
"C897",5.94,1
"C898",0,1
"C899",6.81,3
"C9",8.09,2
"C90",2.41,1
"C900",0.6,1
"C901",11.26,3
"C902",6.78,2
"C903",5.02,1
"C904",11.43,3
"C905",3.97,1
"C906",3.84,1
"C907",20.42,5
"C908",2.78,5
"C909",18.74,4
"C91",0.31,1
"C910",82.18,22
"C911",8.76,1
"C912",0,1
"C913",55.54,3
"C914",101.42,7
"C915",3.16,1
"C916",49.9,4
"C917",1.55,1
"C918",1.51,1
"C919",3.68,1
"C92",0.76,1
"C920",2.3,1
"C921",1.5,1
"C922",12.98,1
"C923",0.46,1
"C924",25.64,4
"C925",17,2
"C926",1.12,1
"C927",10.37,4
"C928",49.47,7
"C929",55.85,4
"C93",19.19,4
"C930",4.22,1
"C931",0,1
"C932",8.9,2
"C933",4.08,2
"C934",10.35,2
"C935",1.35,1
"C936",0.69,1
"C937",8.11,3
"C938",3.35,2
"C939",10.05,2
"C94",5,1
"C940",11.09,2
"C941",0,1
"C942",3.07,1
"C943",22.44,5
"C944",1.7,1
"C945",4.11,2
"C946",9.51,2
"C947",5.91,3
"C948",16.95,2
"C949",85.37,6
"C95",0.62,1
"C950",3.59,1
"C951",10.06,1
"C952",34.26,2
"C953",13.45,1
"C954",9.79,2
"C955",14.24,3
"C956",0,1
"C957",0.5,1
"C958",0.6,1
"C959",1.59,1
"C96",3.01,1
"C960",42.02,5
"C961",33.38,2
"C962",0.04,1
"C963",5,1
"C964",1.03,1
"C965",10.01,1
"C966",0,1
"C967",3.05,1
"C968",5.94,1
"C969",3.93,1
"C97",4.82,1
"C970",6.08,2
"C971",0.99,1
"C972",3.73,2
"C973",1.85,1
"C974",0.99,1
"C975",0,1
"C976",13.49,4
"C977",7.1,9
"C978",4.97,2
"C979",33.05,5
"C98",12.33,5
"C980",4.75,1
"C981",5.72,2
"C982",1.7,2
"C983",9.02,2
"C984",30,6
"C985",8.61,5
"C986",30.23,1
"C987",4.06,2
"C988",0.3,1
"C989",56.34,11
"C99",6.32,1
"C990",10.64,1
"C991",0.76,1
"C992",4.92,1
"C993",0.33,1
"C994",0.81,1
"C995",1.55,1
"C996",1,1
"C997",10.2,3
"C998",17.18,2
"C999",3.73,1
